file,line,type,commit,author,date,time,timezone,datetime,depth,length
style.css,1,css,7277a694,debsterzzz,2025-10-13,23:37:00,-07:00,2025-10-13T23:37:00-07:00,0,21
style.css,2,css,36918d90,debsterzzz,2025-10-13,20:09:43,-07:00,2025-10-13T20:09:43-07:00,1,42
style.css,3,css,36918d90,debsterzzz,2025-10-13,20:09:43,-07:00,2025-10-13T20:09:43-07:00,1,0
style.css,4,css,97768553,debsterzzz,2025-10-03,22:58:58,-07:00,2025-10-03T22:58:58-07:00,1,43
style.css,5,css,97768553,debsterzzz,2025-10-03,22:58:58,-07:00,2025-10-03T22:58:58-07:00,0,42
style.css,6,css,97768553,debsterzzz,2025-10-03,22:58:58,-07:00,2025-10-03T22:58:58-07:00,0,0
style.css,7,css,97768553,debsterzzz,2025-10-03,22:58:58,-07:00,2025-10-03T22:58:58-07:00,1,23
style.css,8,css,b0f526b8,debsterzzz,2025-10-13,20:47:15,-07:00,2025-10-13T20:47:15-07:00,0,0
style.css,9,css,d05fc4b2,debsterzzz,2025-10-13,20:57:56,-07:00,2025-10-13T20:57:56-07:00,0,16
style.css,10,css,d05fc4b2,debsterzzz,2025-10-13,20:57:56,-07:00,2025-10-13T20:57:56-07:00,1,20
style.css,11,css,d05fc4b2,debsterzzz,2025-10-13,20:57:56,-07:00,2025-10-13T20:57:56-07:00,1,12
style.css,12,css,b1579daf,debsterzzz,2025-10-13,23:01:03,-07:00,2025-10-13T23:01:03-07:00,1,16
style.css,13,css,d05fc4b2,debsterzzz,2025-10-13,20:57:56,-07:00,2025-10-13T20:57:56-07:00,1,17
style.css,14,css,d05fc4b2,debsterzzz,2025-10-13,20:57:56,-07:00,2025-10-13T20:57:56-07:00,1,23
style.css,15,css,d05fc4b2,debsterzzz,2025-10-13,20:57:56,-07:00,2025-10-13T20:57:56-07:00,1,24
style.css,16,css,1f275019,debsterzzz,2025-10-22,03:07:58,-07:00,2025-10-22T03:07:58-07:00,1,39
style.css,17,css,b0f526b8,debsterzzz,2025-10-13,20:47:15,-07:00,2025-10-13T20:47:15-07:00,0,0
style.css,18,css,d7779ccf,debsterzzz,2025-10-13,21:39:32,-07:00,2025-10-13T21:39:32-07:00,0,5
style.css,19,css,d7779ccf,debsterzzz,2025-10-13,21:39:32,-07:00,2025-10-13T21:39:32-07:00,1,6
style.css,20,css,ec52a4e3,debsterzzz,2025-10-13,21:12:53,-07:00,2025-10-13T21:12:53-07:00,1,20
style.css,21,css,d7779ccf,debsterzzz,2025-10-13,21:39:32,-07:00,2025-10-13T21:39:32-07:00,1,12
style.css,22,css,d7779ccf,debsterzzz,2025-10-13,21:39:32,-07:00,2025-10-13T21:39:32-07:00,1,17
style.css,23,css,ec52a4e3,debsterzzz,2025-10-13,21:12:53,-07:00,2025-10-13T21:12:53-07:00,0,0
style.css,24,css,b1579daf,debsterzzz,2025-10-13,23:01:03,-07:00,2025-10-13T23:01:03-07:00,0,40
style.css,25,css,ec52a4e3,debsterzzz,2025-10-13,21:12:53,-07:00,2025-10-13T21:12:53-07:00,1,30
style.css,26,css,b1579daf,debsterzzz,2025-10-13,23:01:03,-07:00,2025-10-13T23:01:03-07:00,1,25
style.css,27,css,b1579daf,debsterzzz,2025-10-13,23:01:03,-07:00,2025-10-13T23:01:03-07:00,1,33
style.css,28,css,ec52a4e3,debsterzzz,2025-10-13,21:12:53,-07:00,2025-10-13T21:12:53-07:00,0,0
style.css,29,css,d7779ccf,debsterzzz,2025-10-13,21:39:32,-07:00,2025-10-13T21:39:32-07:00,0,51
style.css,30,css,ec52a4e3,debsterzzz,2025-10-13,21:12:53,-07:00,2025-10-13T21:12:53-07:00,1,32
style.css,31,css,ec52a4e3,debsterzzz,2025-10-13,21:12:53,-07:00,2025-10-13T21:12:53-07:00,0,11
style.css,32,css,ec52a4e3,debsterzzz,2025-10-13,21:12:53,-07:00,2025-10-13T21:12:53-07:00,1,45
style.css,33,css,ec52a4e3,debsterzzz,2025-10-13,21:12:53,-07:00,2025-10-13T21:12:53-07:00,1,33
style.css,34,css,1f275019,debsterzzz,2025-10-22,03:07:58,-07:00,2025-10-22T03:07:58-07:00,1,69
style.css,35,css,d7779ccf,debsterzzz,2025-10-13,21:39:32,-07:00,2025-10-13T21:39:32-07:00,0,0
style.css,36,css,d7779ccf,debsterzzz,2025-10-13,21:39:32,-07:00,2025-10-13T21:39:32-07:00,0,4
style.css,37,css,d7779ccf,debsterzzz,2025-10-13,21:39:32,-07:00,2025-10-13T21:39:32-07:00,0,7
style.css,38,css,d7779ccf,debsterzzz,2025-10-13,21:39:32,-07:00,2025-10-13T21:39:32-07:00,0,6
style.css,39,css,d7779ccf,debsterzzz,2025-10-13,21:39:32,-07:00,2025-10-13T21:39:32-07:00,1,12
style.css,40,css,d7779ccf,debsterzzz,2025-10-13,21:39:32,-07:00,2025-10-13T21:39:32-07:00,1,13
style.css,41,css,d7779ccf,debsterzzz,2025-10-13,21:39:32,-07:00,2025-10-13T21:39:32-07:00,1,9
style.css,42,css,d7779ccf,debsterzzz,2025-10-13,21:39:32,-07:00,2025-10-13T21:39:32-07:00,1,21
style.css,43,css,d7779ccf,debsterzzz,2025-10-13,21:39:32,-07:00,2025-10-13T21:39:32-07:00,0,0
style.css,44,css,ba906afe,debsterzzz,2025-10-13,21:46:19,-07:00,2025-10-13T21:46:19-07:00,0,25
style.css,45,css,d7779ccf,debsterzzz,2025-10-13,21:39:32,-07:00,2025-10-13T21:39:32-07:00,0,12
style.css,46,css,d7779ccf,debsterzzz,2025-10-13,21:39:32,-07:00,2025-10-13T21:39:32-07:00,1,87
style.css,47,css,bbe40e6b,debsterzzz,2025-10-13,21:22:04,-07:00,2025-10-13T21:22:04-07:00,0,0
style.css,48,css,ba906afe,debsterzzz,2025-10-13,21:46:19,-07:00,2025-10-13T21:46:19-07:00,0,20
style.css,49,css,ba906afe,debsterzzz,2025-10-13,21:46:19,-07:00,2025-10-13T21:46:19-07:00,0,16
style.css,50,css,ba906afe,debsterzzz,2025-10-13,21:46:19,-07:00,2025-10-13T21:46:19-07:00,0,29
style.css,51,css,ba906afe,debsterzzz,2025-10-13,21:46:19,-07:00,2025-10-13T21:46:19-07:00,0,17
style.css,52,css,ba906afe,debsterzzz,2025-10-13,21:46:19,-07:00,2025-10-13T21:46:19-07:00,0,18
style.css,53,css,ba906afe,debsterzzz,2025-10-13,21:46:19,-07:00,2025-10-13T21:46:19-07:00,0,30
style.css,54,css,ba906afe,debsterzzz,2025-10-13,21:46:19,-07:00,2025-10-13T21:46:19-07:00,0,8
style.css,55,css,7110ab22,debsterzzz,2025-10-13,22:46:45,-07:00,2025-10-13T22:46:45-07:00,0,0
style.css,56,css,7110ab22,debsterzzz,2025-10-13,22:46:45,-07:00,2025-10-13T22:46:45-07:00,0,9
style.css,57,css,7110ab22,debsterzzz,2025-10-13,22:46:45,-07:00,2025-10-13T22:46:45-07:00,1,57
style.css,58,css,7110ab22,debsterzzz,2025-10-13,22:46:45,-07:00,2025-10-13T22:46:45-07:00,1,92
style.css,59,css,7110ab22,debsterzzz,2025-10-13,22:46:45,-07:00,2025-10-13T22:46:45-07:00,1,9
style.css,60,css,7110ab22,debsterzzz,2025-10-13,22:46:45,-07:00,2025-10-13T22:46:45-07:00,0,0
style.css,61,css,7110ab22,debsterzzz,2025-10-13,22:46:45,-07:00,2025-10-13T22:46:45-07:00,0,21
style.css,62,css,7110ab22,debsterzzz,2025-10-13,22:46:45,-07:00,2025-10-13T22:46:45-07:00,0,17
style.css,63,css,7110ab22,debsterzzz,2025-10-13,22:46:45,-07:00,2025-10-13T22:46:45-07:00,1,53
style.css,64,css,7110ab22,debsterzzz,2025-10-13,22:46:45,-07:00,2025-10-13T22:46:45-07:00,1,68
style.css,65,css,7110ab22,debsterzzz,2025-10-13,22:46:45,-07:00,2025-10-13T22:46:45-07:00,1,47
style.css,66,css,7110ab22,debsterzzz,2025-10-13,22:46:45,-07:00,2025-10-13T22:46:45-07:00,1,56
style.css,67,css,7110ab22,debsterzzz,2025-10-13,22:46:45,-07:00,2025-10-13T22:46:45-07:00,0,0
style.css,68,css,7110ab22,debsterzzz,2025-10-13,22:46:45,-07:00,2025-10-13T22:46:45-07:00,0,0
style.css,69,css,7110ab22,debsterzzz,2025-10-13,22:46:45,-07:00,2025-10-13T22:46:45-07:00,0,57
style.css,70,css,7110ab22,debsterzzz,2025-10-13,22:46:45,-07:00,2025-10-13T22:46:45-07:00,0,20
style.css,71,css,7110ab22,debsterzzz,2025-10-13,22:46:45,-07:00,2025-10-13T22:46:45-07:00,1,9
style.css,72,css,7110ab22,debsterzzz,2025-10-13,22:46:45,-07:00,2025-10-13T22:46:45-07:00,1,27
style.css,73,css,7110ab22,debsterzzz,2025-10-13,22:46:45,-07:00,2025-10-13T22:46:45-07:00,0,22
style.css,74,css,7110ab22,debsterzzz,2025-10-13,22:46:45,-07:00,2025-10-13T22:46:45-07:00,1,57
style.css,75,css,7110ab22,debsterzzz,2025-10-13,22:46:45,-07:00,2025-10-13T22:46:45-07:00,1,68
style.css,76,css,7110ab22,debsterzzz,2025-10-13,22:46:45,-07:00,2025-10-13T22:46:45-07:00,1,71
style.css,77,css,7110ab22,debsterzzz,2025-10-13,22:46:45,-07:00,2025-10-13T22:46:45-07:00,0,0
style.css,78,css,7277a694,debsterzzz,2025-10-13,23:37:00,-07:00,2025-10-13T23:37:00-07:00,0,27
style.css,79,css,7277a694,debsterzzz,2025-10-13,23:37:00,-07:00,2025-10-13T23:37:00-07:00,0,22
style.css,80,css,7277a694,debsterzzz,2025-10-13,23:37:00,-07:00,2025-10-13T23:37:00-07:00,1,57
style.css,81,css,7277a694,debsterzzz,2025-10-13,23:37:00,-07:00,2025-10-13T23:37:00-07:00,1,68
style.css,82,css,7277a694,debsterzzz,2025-10-13,23:37:00,-07:00,2025-10-13T23:37:00-07:00,1,71
style.css,83,css,7277a694,debsterzzz,2025-10-13,23:37:00,-07:00,2025-10-13T23:37:00-07:00,0,0
style.css,84,css,7110ab22,debsterzzz,2025-10-13,22:46:45,-07:00,2025-10-13T22:46:45-07:00,0,0
style.css,85,css,7110ab22,debsterzzz,2025-10-13,22:46:45,-07:00,2025-10-13T22:46:45-07:00,0,40
style.css,86,css,7110ab22,debsterzzz,2025-10-13,22:46:45,-07:00,2025-10-13T22:46:45-07:00,0,2
style.css,87,css,7110ab22,debsterzzz,2025-10-13,22:46:45,-07:00,2025-10-13T22:46:45-07:00,1,66
style.css,88,css,7110ab22,debsterzzz,2025-10-13,22:46:45,-07:00,2025-10-13T22:46:45-07:00,1,63
style.css,89,css,7110ab22,debsterzzz,2025-10-13,22:46:45,-07:00,2025-10-13T22:46:45-07:00,0,0
style.css,90,css,7110ab22,debsterzzz,2025-10-13,22:46:45,-07:00,2025-10-13T22:46:45-07:00,0,0
style.css,91,css,7110ab22,debsterzzz,2025-10-13,22:46:45,-07:00,2025-10-13T22:46:45-07:00,0,41
style.css,92,css,7110ab22,debsterzzz,2025-10-13,22:46:45,-07:00,2025-10-13T22:46:45-07:00,0,2
style.css,93,css,7110ab22,debsterzzz,2025-10-13,22:46:45,-07:00,2025-10-13T22:46:45-07:00,1,53
style.css,94,css,7110ab22,debsterzzz,2025-10-13,22:46:45,-07:00,2025-10-13T22:46:45-07:00,1,15
style.css,95,css,7110ab22,debsterzzz,2025-10-13,22:46:45,-07:00,2025-10-13T22:46:45-07:00,0,0
style.css,96,css,7110ab22,debsterzzz,2025-10-13,22:46:45,-07:00,2025-10-13T22:46:45-07:00,0,0
style.css,97,css,7110ab22,debsterzzz,2025-10-13,22:46:45,-07:00,2025-10-13T22:46:45-07:00,0,2
style.css,98,css,7110ab22,debsterzzz,2025-10-13,22:46:45,-07:00,2025-10-13T22:46:45-07:00,1,14
style.css,99,css,7110ab22,debsterzzz,2025-10-13,22:46:45,-07:00,2025-10-13T22:46:45-07:00,1,15
style.css,100,css,7110ab22,debsterzzz,2025-10-13,22:46:45,-07:00,2025-10-13T22:46:45-07:00,0,0
style.css,101,css,7277a694,debsterzzz,2025-10-13,23:37:00,-07:00,2025-10-13T23:37:00-07:00,0,23
style.css,102,css,7277a694,debsterzzz,2025-10-13,23:37:00,-07:00,2025-10-13T23:37:00-07:00,0,20
style.css,103,css,7277a694,debsterzzz,2025-10-13,23:37:00,-07:00,2025-10-13T23:37:00-07:00,0,22
style.css,104,css,7277a694,debsterzzz,2025-10-13,23:37:00,-07:00,2025-10-13T23:37:00-07:00,0,24
style.css,105,css,7277a694,debsterzzz,2025-10-13,23:37:00,-07:00,2025-10-13T23:37:00-07:00,0,37
style.css,106,css,7277a694,debsterzzz,2025-10-13,23:37:00,-07:00,2025-10-13T23:37:00-07:00,0,17
style.css,107,css,7277a694,debsterzzz,2025-10-13,23:37:00,-07:00,2025-10-13T23:37:00-07:00,0,27
style.css,108,css,7277a694,debsterzzz,2025-10-13,23:37:00,-07:00,2025-10-13T23:37:00-07:00,0,2
style.css,109,css,1f275019,debsterzzz,2025-10-22,03:07:58,-07:00,2025-10-22T03:07:58-07:00,1,22
style.css,110,css,1f275019,debsterzzz,2025-10-22,03:07:58,-07:00,2025-10-22T03:07:58-07:00,1,0
style.css,111,css,1f275019,debsterzzz,2025-10-22,03:07:58,-07:00,2025-10-22T03:07:58-07:00,0,23
style.css,112,css,1f275019,debsterzzz,2025-10-22,03:07:58,-07:00,2025-10-22T03:07:58-07:00,0,0
style.css,113,css,1f275019,debsterzzz,2025-10-22,03:07:58,-07:00,2025-10-22T03:07:58-07:00,0,18
style.css,114,css,1f275019,debsterzzz,2025-10-22,03:07:58,-07:00,2025-10-22T03:07:58-07:00,1,56
style.css,115,css,1f275019,debsterzzz,2025-10-22,03:07:58,-07:00,2025-10-22T03:07:58-07:00,1,50
style.css,116,css,1f275019,debsterzzz,2025-10-22,03:07:58,-07:00,2025-10-22T03:07:58-07:00,1,52
style.css,117,css,1f275019,debsterzzz,2025-10-22,03:07:58,-07:00,2025-10-22T03:07:58-07:00,1,53
style.css,118,css,1f275019,debsterzzz,2025-10-22,03:07:58,-07:00,2025-10-22T03:07:58-07:00,1,70
style.css,119,css,1f275019,debsterzzz,2025-10-22,03:07:58,-07:00,2025-10-22T03:07:58-07:00,1,43
style.css,120,css,1f275019,debsterzzz,2025-10-22,03:07:58,-07:00,2025-10-22T03:07:58-07:00,1,68
style.css,121,css,1f275019,debsterzzz,2025-10-22,03:07:58,-07:00,2025-10-22T03:07:58-07:00,1,18
style.css,122,css,1f275019,debsterzzz,2025-10-22,03:07:58,-07:00,2025-10-22T03:07:58-07:00,1,9
style.css,123,css,1f275019,debsterzzz,2025-10-22,03:07:58,-07:00,2025-10-22T03:07:58-07:00,1,12
style.css,124,css,1f275019,debsterzzz,2025-10-22,03:07:58,-07:00,2025-10-22T03:07:58-07:00,0,0
style.css,125,css,1f275019,debsterzzz,2025-10-22,03:07:58,-07:00,2025-10-22T03:07:58-07:00,0,0
style.css,126,css,1f275019,debsterzzz,2025-10-22,03:07:58,-07:00,2025-10-22T03:07:58-07:00,0,25
style.css,127,css,1f275019,debsterzzz,2025-10-22,03:07:58,-07:00,2025-10-22T03:07:58-07:00,1,15
style.css,128,css,1f275019,debsterzzz,2025-10-22,03:07:58,-07:00,2025-10-22T03:07:58-07:00,1,19
style.css,129,css,1f275019,debsterzzz,2025-10-22,03:07:58,-07:00,2025-10-22T03:07:58-07:00,1,19
style.css,130,css,1f275019,debsterzzz,2025-10-22,03:07:58,-07:00,2025-10-22T03:07:58-07:00,1,17
style.css,131,css,1f275019,debsterzzz,2025-10-22,03:07:58,-07:00,2025-10-22T03:07:58-07:00,1,41
style.css,132,css,1f275019,debsterzzz,2025-10-22,03:07:58,-07:00,2025-10-22T03:07:58-07:00,1,24
style.css,133,css,1f275019,debsterzzz,2025-10-22,03:07:58,-07:00,2025-10-22T03:07:58-07:00,0,0
style.css,134,css,849fe7de,debsterzzz,2025-11-02,19:30:41,-08:00,2025-11-02T19:30:41-08:00,0,13
style.css,135,css,849fe7de,debsterzzz,2025-11-02,19:30:41,-08:00,2025-11-02T19:30:41-08:00,1,68
style.css,136,css,849fe7de,debsterzzz,2025-11-02,19:30:41,-08:00,2025-11-02T19:30:41-08:00,1,45
style.css,137,css,849fe7de,debsterzzz,2025-11-02,19:30:41,-08:00,2025-11-02T19:30:41-08:00,1,56
style.css,138,css,849fe7de,debsterzzz,2025-11-02,19:30:41,-08:00,2025-11-02T19:30:41-08:00,1,61
style.css,139,css,849fe7de,debsterzzz,2025-11-02,19:30:41,-08:00,2025-11-02T19:30:41-08:00,1,61
style.css,140,css,849fe7de,debsterzzz,2025-11-02,19:30:41,-08:00,2025-11-02T19:30:41-08:00,0,0
style.css,141,css,1cfc16df,debsterzzz,2025-11-02,22:25:09,-08:00,2025-11-02T22:25:09-08:00,0,13
style.css,142,css,1cfc16df,debsterzzz,2025-11-02,22:25:09,-08:00,2025-11-02T22:25:09-08:00,1,12
style.css,143,css,1cfc16df,debsterzzz,2025-11-02,22:25:09,-08:00,2025-11-02T22:25:09-08:00,1,21
style.css,144,css,1cfc16df,debsterzzz,2025-11-02,22:25:09,-08:00,2025-11-02T22:25:09-08:00,1,9
style.css,145,css,1cfc16df,debsterzzz,2025-11-02,22:25:09,-08:00,2025-11-02T22:25:09-08:00,0,0
style.css,146,css,1cfc16df,debsterzzz,2025-11-02,22:25:09,-08:00,2025-11-02T22:25:09-08:00,0,0
style.css,147,css,1cfc16df,debsterzzz,2025-11-02,22:25:09,-08:00,2025-11-02T22:25:09-08:00,0,18
style.css,148,css,1cfc16df,debsterzzz,2025-11-02,22:25:09,-08:00,2025-11-02T22:25:09-08:00,0,19
style.css,149,css,1cfc16df,debsterzzz,2025-11-02,22:25:09,-08:00,2025-11-02T22:25:09-08:00,1,50
style.css,150,css,1cfc16df,debsterzzz,2025-11-02,22:25:09,-08:00,2025-11-02T22:25:09-08:00,1,21
style.css,151,css,1cfc16df,debsterzzz,2025-11-02,22:25:09,-08:00,2025-11-02T22:25:09-08:00,1,33
style.css,152,css,1cfc16df,debsterzzz,2025-11-02,22:25:09,-08:00,2025-11-02T22:25:09-08:00,1,13
style.css,153,css,1cfc16df,debsterzzz,2025-11-02,22:25:09,-08:00,2025-11-02T22:25:09-08:00,1,8
style.css,154,css,1cfc16df,debsterzzz,2025-11-02,22:25:09,-08:00,2025-11-02T22:25:09-08:00,0,0
style.css,155,css,1cfc16df,debsterzzz,2025-11-02,22:25:09,-08:00,2025-11-02T22:25:09-08:00,0,0
style.css,156,css,1cfc16df,debsterzzz,2025-11-02,22:25:09,-08:00,2025-11-02T22:25:09-08:00,0,18
style.css,157,css,1cfc16df,debsterzzz,2025-11-02,22:25:09,-08:00,2025-11-02T22:25:09-08:00,1,14
style.css,158,css,1cfc16df,debsterzzz,2025-11-02,22:25:09,-08:00,2025-11-02T22:25:09-08:00,1,16
style.css,159,css,1cfc16df,debsterzzz,2025-11-02,22:25:09,-08:00,2025-11-02T22:25:09-08:00,0,0
style.css,160,css,1cfc16df,debsterzzz,2025-11-02,22:25:09,-08:00,2025-11-02T22:25:09-08:00,1,16
style.css,161,css,1cfc16df,debsterzzz,2025-11-02,22:25:09,-08:00,2025-11-02T22:25:09-08:00,0,0
style.css,162,css,1cfc16df,debsterzzz,2025-11-02,22:25:09,-08:00,2025-11-02T22:25:09-08:00,0,0
style.css,163,css,1cfc16df,debsterzzz,2025-11-02,22:25:09,-08:00,2025-11-02T22:25:09-08:00,0,7
style.css,164,css,1cfc16df,debsterzzz,2025-11-02,22:25:09,-08:00,2025-11-02T22:25:09-08:00,1,12
style.css,165,css,1cfc16df,debsterzzz,2025-11-02,22:25:09,-08:00,2025-11-02T22:25:09-08:00,1,57
style.css,166,css,1cfc16df,debsterzzz,2025-11-02,22:25:09,-08:00,2025-11-02T22:25:09-08:00,1,7
style.css,167,css,1cfc16df,debsterzzz,2025-11-02,22:25:09,-08:00,2025-11-02T22:25:09-08:00,1,15
style.css,168,css,1cfc16df,debsterzzz,2025-11-02,22:25:09,-08:00,2025-11-02T22:25:09-08:00,1,11
style.css,169,css,1cfc16df,debsterzzz,2025-11-02,22:25:09,-08:00,2025-11-02T22:25:09-08:00,1,16
style.css,170,css,1cfc16df,debsterzzz,2025-11-02,22:25:09,-08:00,2025-11-02T22:25:09-08:00,1,62
style.css,171,css,1cfc16df,debsterzzz,2025-11-02,22:25:09,-08:00,2025-11-02T22:25:09-08:00,1,19
style.css,172,css,1cfc16df,debsterzzz,2025-11-02,22:25:09,-08:00,2025-11-02T22:25:09-08:00,0,0
style.css,173,css,1cfc16df,debsterzzz,2025-11-02,22:25:09,-08:00,2025-11-02T22:25:09-08:00,0,0
style.css,174,css,1cfc16df,debsterzzz,2025-11-02,22:25:09,-08:00,2025-11-02T22:25:09-08:00,0,10
style.css,175,css,1cfc16df,debsterzzz,2025-11-02,22:25:09,-08:00,2025-11-02T22:25:09-08:00,1,12
style.css,176,css,1cfc16df,debsterzzz,2025-11-02,22:25:09,-08:00,2025-11-02T22:25:09-08:00,1,18
style.css,177,css,1cfc16df,debsterzzz,2025-11-02,22:25:09,-08:00,2025-11-02T22:25:09-08:00,1,9
style.css,178,css,1cfc16df,debsterzzz,2025-11-02,22:25:09,-08:00,2025-11-02T22:25:09-08:00,1,16
style.css,179,css,1cfc16df,debsterzzz,2025-11-02,22:25:09,-08:00,2025-11-02T22:25:09-08:00,0,0
style.css,180,css,849fe7de,debsterzzz,2025-11-02,19:30:41,-08:00,2025-11-02T19:30:41-08:00,0,0
style.css,181,css,1cfc16df,debsterzzz,2025-11-02,22:25:09,-08:00,2025-11-02T22:25:09-08:00,0,15
style.css,182,css,1cfc16df,debsterzzz,2025-11-02,22:25:09,-08:00,2025-11-02T22:25:09-08:00,1,9
style.css,183,css,1cfc16df,debsterzzz,2025-11-02,22:25:09,-08:00,2025-11-02T22:25:09-08:00,1,10
style.css,184,css,1cfc16df,debsterzzz,2025-11-02,22:25:09,-08:00,2025-11-02T22:25:09-08:00,1,23
style.css,185,css,1cfc16df,debsterzzz,2025-11-02,22:25:09,-08:00,2025-11-02T22:25:09-08:00,1,17
style.css,186,css,1cfc16df,debsterzzz,2025-11-02,22:25:09,-08:00,2025-11-02T22:25:09-08:00,1,20
style.css,187,css,1cfc16df,debsterzzz,2025-11-02,22:25:09,-08:00,2025-11-02T22:25:09-08:00,0,0
style.css,188,css,1cfc16df,debsterzzz,2025-11-02,22:25:09,-08:00,2025-11-02T22:25:09-08:00,0,14
style.css,189,css,1cfc16df,debsterzzz,2025-11-02,22:25:09,-08:00,2025-11-02T22:25:09-08:00,1,12
style.css,190,css,1cfc16df,debsterzzz,2025-11-02,22:25:09,-08:00,2025-11-02T22:25:09-08:00,1,18
style.css,191,css,1cfc16df,debsterzzz,2025-11-02,22:25:09,-08:00,2025-11-02T22:25:09-08:00,1,7
style.css,192,css,1cfc16df,debsterzzz,2025-11-02,22:25:09,-08:00,2025-11-02T22:25:09-08:00,1,43
style.css,193,css,1cfc16df,debsterzzz,2025-11-02,22:25:09,-08:00,2025-11-02T22:25:09-08:00,0,0
style.css,194,css,1cfc16df,debsterzzz,2025-11-02,22:25:09,-08:00,2025-11-02T22:25:09-08:00,0,0
style.css,195,css,1cfc16df,debsterzzz,2025-11-02,22:25:09,-08:00,2025-11-02T22:25:09-08:00,0,7
style.css,196,css,1cfc16df,debsterzzz,2025-11-02,22:25:09,-08:00,2025-11-02T22:25:09-08:00,1,49
style.css,197,css,1cfc16df,debsterzzz,2025-11-02,22:25:09,-08:00,2025-11-02T22:25:09-08:00,0,0
style.css,198,css,1cfc16df,debsterzzz,2025-11-02,22:25:09,-08:00,2025-11-02T22:25:09-08:00,0,51
style.css,199,css,1cfc16df,debsterzzz,2025-11-02,22:25:09,-08:00,2025-11-02T22:25:09-08:00,1,11
style.css,200,css,1cfc16df,debsterzzz,2025-11-02,22:25:09,-08:00,2025-11-02T22:25:09-08:00,0,0
style.css,201,css,1cfc16df,debsterzzz,2025-11-02,22:25:09,-08:00,2025-11-02T22:25:09-08:00,0,0
style.css,202,css,1cfc16df,debsterzzz,2025-11-02,22:25:09,-08:00,2025-11-02T22:25:09-08:00,0,23
style.css,203,css,1cfc16df,debsterzzz,2025-11-02,22:25:09,-08:00,2025-11-02T22:25:09-08:00,1,24
style.css,204,css,1cfc16df,debsterzzz,2025-11-02,22:25:09,-08:00,2025-11-02T22:25:09-08:00,1,14
style.css,205,css,1cfc16df,debsterzzz,2025-11-02,22:25:09,-08:00,2025-11-02T22:25:09-08:00,0,0
style.css,206,css,1cfc16df,debsterzzz,2025-11-02,22:25:09,-08:00,2025-11-02T22:25:09-08:00,0,9
style.css,207,css,1cfc16df,debsterzzz,2025-11-02,22:25:09,-08:00,2025-11-02T22:25:09-08:00,1,66
style.css,208,css,1cfc16df,debsterzzz,2025-11-02,22:25:09,-08:00,2025-11-02T22:25:09-08:00,0,0
style.css,209,css,1cfc16df,debsterzzz,2025-11-02,22:25:09,-08:00,2025-11-02T22:25:09-08:00,0,0
style.css,210,css,00000000,Not Committed Yet,2025-11-10,17:18:28,-08:00,2025-11-10T17:18:28-08:00,0,9
style.css,211,css,00000000,Not Committed Yet,2025-11-10,17:18:28,-08:00,2025-11-10T17:18:28-08:00,1,32
style.css,212,css,1cfc16df,debsterzzz,2025-11-02,22:25:09,-08:00,2025-11-02T22:25:09-08:00,0,0
style.css,213,css,1cfc16df,debsterzzz,2025-11-02,22:25:09,-08:00,2025-11-02T22:25:09-08:00,0,0
style.css,214,css,00000000,Not Committed Yet,2025-11-10,17:18:28,-08:00,2025-11-10T17:18:28-08:00,0,17
style.css,215,css,00000000,Not Committed Yet,2025-11-10,17:18:28,-08:00,2025-11-10T17:18:28-08:00,1,33
style.css,216,css,00000000,Not Committed Yet,2025-11-10,17:18:28,-08:00,2025-11-10T17:18:28-08:00,1,17
style.css,217,css,1cfc16df,debsterzzz,2025-11-02,22:25:09,-08:00,2025-11-02T22:25:09-08:00,0,0
style.css,218,css,00000000,Not Committed Yet,2025-11-10,17:18:28,-08:00,2025-11-10T17:18:28-08:00,0,0
index.js,1,js,0f344865,debsterzzz,2025-10-24,01:46:53,-07:00,2025-10-24T01:46:53-07:00,0,71
index.js,2,js,7b10b739,debsterzzz,2025-10-26,19:13:21,-07:00,2025-10-26T19:13:21-07:00,0,56
index.js,3,js,0f344865,debsterzzz,2025-10-24,01:46:53,-07:00,2025-10-24T01:46:53-07:00,0,42
index.js,4,js,0f344865,debsterzzz,2025-10-24,01:46:53,-07:00,2025-10-24T01:46:53-07:00,0,60
index.js,5,js,0f344865,debsterzzz,2025-10-24,01:46:53,-07:00,2025-10-24T01:46:53-07:00,0,47
index.js,6,js,0f344865,debsterzzz,2025-10-24,01:46:53,-07:00,2025-10-24T01:46:53-07:00,0,34
index.js,7,js,7b10b739,debsterzzz,2025-10-26,19:13:21,-07:00,2025-10-26T19:13:21-07:00,0,53
index.js,8,js,0f344865,debsterzzz,2025-10-24,01:46:53,-07:00,2025-10-24T01:46:53-07:00,1,38
index.js,9,js,7b10b739,debsterzzz,2025-10-26,19:13:21,-07:00,2025-10-26T19:13:21-07:00,0,60
index.js,10,js,7b10b739,debsterzzz,2025-10-26,19:13:21,-07:00,2025-10-26T19:13:21-07:00,0,31
index.js,11,js,0f344865,debsterzzz,2025-10-24,01:46:53,-07:00,2025-10-24T01:46:53-07:00,2,24
index.js,12,js,7b10b739,debsterzzz,2025-10-26,19:13:21,-07:00,2025-10-26T19:13:21-07:00,3,24
index.js,13,js,7b10b739,debsterzzz,2025-10-26,19:13:21,-07:00,2025-10-26T19:13:21-07:00,4,75
index.js,14,js,7b10b739,debsterzzz,2025-10-26,19:13:21,-07:00,2025-10-26T19:13:21-07:00,4,98
index.js,15,js,7b10b739,debsterzzz,2025-10-26,19:13:21,-07:00,2025-10-26T19:13:21-07:00,4,45
index.js,16,js,7b10b739,debsterzzz,2025-10-26,19:13:21,-07:00,2025-10-26T19:13:21-07:00,0,0
index.js,17,js,7b10b739,debsterzzz,2025-10-26,19:13:21,-07:00,2025-10-26T19:13:21-07:00,4,21
index.js,18,js,7b10b739,debsterzzz,2025-10-26,19:13:21,-07:00,2025-10-26T19:13:21-07:00,5,54
index.js,19,js,7b10b739,debsterzzz,2025-10-26,19:13:21,-07:00,2025-10-26T19:13:21-07:00,5,48
index.js,20,js,7b10b739,debsterzzz,2025-10-26,19:13:21,-07:00,2025-10-26T19:13:21-07:00,5,48
index.js,21,js,7b10b739,debsterzzz,2025-10-26,19:13:21,-07:00,2025-10-26T19:13:21-07:00,5,55
index.js,22,js,7b10b739,debsterzzz,2025-10-26,19:13:21,-07:00,2025-10-26T19:13:21-07:00,4,3
index.js,23,js,7b10b739,debsterzzz,2025-10-26,19:13:21,-07:00,2025-10-26T19:13:21-07:00,3,4
index.js,24,js,0f344865,debsterzzz,2025-10-24,01:46:53,-07:00,2025-10-24T01:46:53-07:00,2,0
index.js,25,js,7b10b739,debsterzzz,2025-10-26,19:13:21,-07:00,2025-10-26T19:13:21-07:00,1,6
index.js,26,js,7b10b739,debsterzzz,2025-10-26,19:13:21,-07:00,2025-10-26T19:13:21-07:00,2,60
index.js,27,js,0f344865,debsterzzz,2025-10-24,01:46:53,-07:00,2025-10-24T01:46:53-07:00,1,0
index.js,28,js,0f344865,debsterzzz,2025-10-24,01:46:53,-07:00,2025-10-24T01:46:53-07:00,0,0
index.js,29,js,0f344865,debsterzzz,2025-10-24,01:46:53,-07:00,2025-10-24T01:46:53-07:00,0,0
index.js,30,js,0f344865,debsterzzz,2025-10-24,01:46:53,-07:00,2025-10-24T01:46:53-07:00,0,18
index.html,1,html,7fdcac19,debsterzzz,2025-10-03,16:31:04,-07:00,2025-10-03T16:31:04-07:00,0,13
index.html,2,html,7fdcac19,debsterzzz,2025-10-03,16:31:04,-07:00,2025-10-03T16:31:04-07:00,0,14
index.html,3,html,7fdcac19,debsterzzz,2025-10-03,16:31:04,-07:00,2025-10-03T16:31:04-07:00,0,4
index.html,4,html,7fdcac19,debsterzzz,2025-10-03,16:31:04,-07:00,2025-10-03T16:31:04-07:00,2,20
index.html,5,html,7fdcac19,debsterzzz,2025-10-03,16:31:04,-07:00,2025-10-03T16:31:04-07:00,2,68
index.html,6,html,7fdcac19,debsterzzz,2025-10-03,16:31:04,-07:00,2025-10-03T16:31:04-07:00,2,58
index.html,7,html,97768553,debsterzzz,2025-10-03,22:58:58,-07:00,2025-10-03T22:58:58-07:00,0,45
index.html,8,html,7fdcac19,debsterzzz,2025-10-03,16:31:04,-07:00,2025-10-03T16:31:04-07:00,0,4
index.html,9,html,7fdcac19,debsterzzz,2025-10-03,16:31:04,-07:00,2025-10-03T16:31:04-07:00,2,23
index.html,10,html,7fdcac19,debsterzzz,2025-10-03,16:31:04,-07:00,2025-10-03T16:31:04-07:00,2,192
index.html,11,html,2d7d9769,debsterzzz,2025-10-12,09:26:40,-07:00,2025-10-12T09:26:40-07:00,2,166
index.html,12,html,0f344865,debsterzzz,2025-10-24,01:46:53,-07:00,2025-10-24T01:46:53-07:00,0,22
index.html,13,html,0f344865,debsterzzz,2025-10-24,01:46:53,-07:00,2025-10-24T01:46:53-07:00,0,20
index.html,14,html,0f344865,debsterzzz,2025-10-24,01:46:53,-07:00,2025-10-24T01:46:53-07:00,1,49
index.html,15,html,0f344865,debsterzzz,2025-10-24,01:46:53,-07:00,2025-10-24T01:46:53-07:00,0,0
index.html,16,html,0f344865,debsterzzz,2025-10-24,01:46:53,-07:00,2025-10-24T01:46:53-07:00,0,4
index.html,17,html,0f344865,debsterzzz,2025-10-24,01:46:53,-07:00,2025-10-24T01:46:53-07:00,0,7
index.html,18,html,0f344865,debsterzzz,2025-10-24,01:46:53,-07:00,2025-10-24T01:46:53-07:00,1,27
index.html,19,html,7b10b739,debsterzzz,2025-10-26,19:13:21,-07:00,2025-10-26T19:13:21-07:00,1,28
index.html,20,html,0f344865,debsterzzz,2025-10-24,01:46:53,-07:00,2025-10-24T01:46:53-07:00,2,40
index.html,21,html,7b10b739,debsterzzz,2025-10-26,19:13:21,-07:00,2025-10-26T19:13:21-07:00,1,0
index.html,22,html,0f344865,debsterzzz,2025-10-24,01:46:53,-07:00,2025-10-24T01:46:53-07:00,0,8
index.html,23,html,7b10b739,debsterzzz,2025-10-26,19:13:21,-07:00,2025-10-26T19:13:21-07:00,1,44
index.html,24,html,7fdcac19,debsterzzz,2025-10-03,16:31:04,-07:00,2025-10-03T16:31:04-07:00,0,5
index.html,25,html,7fdcac19,debsterzzz,2025-10-03,16:31:04,-07:00,2025-10-03T16:31:04-07:00,0,5
global.js,1,js,eff264b3,debsterzzz,2025-10-22,00:40:48,-07:00,2025-10-22T00:40:48-07:00,0,25
global.js,2,js,eff264b3,debsterzzz,2025-10-22,00:40:48,-07:00,2025-10-22T00:40:48-07:00,0,0
global.js,3,js,eff264b3,debsterzzz,2025-10-22,00:40:48,-07:00,2025-10-22T00:40:48-07:00,0,41
global.js,4,js,eff264b3,debsterzzz,2025-10-22,00:40:48,-07:00,2025-10-22T00:40:48-07:00,1,52
global.js,5,js,eff264b3,debsterzzz,2025-10-22,00:40:48,-07:00,2025-10-22T00:40:48-07:00,0,0
global.js,6,js,1f275019,debsterzzz,2025-10-22,03:07:58,-07:00,2025-10-22T03:07:58-07:00,0,30
global.js,7,js,1f275019,debsterzzz,2025-10-22,03:07:58,-07:00,2025-10-22T03:07:58-07:00,0,33
global.js,8,js,1f275019,debsterzzz,2025-10-22,03:07:58,-07:00,2025-10-22T03:07:58-07:00,0,71
global.js,9,js,1f275019,debsterzzz,2025-10-22,03:07:58,-07:00,2025-10-22T03:07:58-07:00,0,3
global.js,10,js,1f275019,debsterzzz,2025-10-22,03:07:58,-07:00,2025-10-22T03:07:58-07:00,0,39
global.js,11,js,1f275019,debsterzzz,2025-10-22,03:07:58,-07:00,2025-10-22T03:07:58-07:00,0,15
global.js,12,js,1f275019,debsterzzz,2025-10-22,03:07:58,-07:00,2025-10-22T03:07:58-07:00,1,68
global.js,13,js,1f275019,debsterzzz,2025-10-22,03:07:58,-07:00,2025-10-22T03:07:58-07:00,2,19
global.js,14,js,1773c4d8,debsterzzz,2025-10-23,00:01:29,-07:00,2025-10-23T00:01:29-07:00,2,40
global.js,15,js,1f275019,debsterzzz,2025-10-22,03:07:58,-07:00,2025-10-22T03:07:58-07:00,0,11
global.js,16,js,1f275019,debsterzzz,2025-10-22,03:07:58,-07:00,2025-10-22T03:07:58-07:00,1,25
global.js,17,js,1f275019,debsterzzz,2025-10-22,03:07:58,-07:00,2025-10-22T03:07:58-07:00,1,34
global.js,18,js,464c0de6,debsterzzz,2025-10-28,01:07:21,-05:00,2025-10-28T01:07:21-05:00,1,37
global.js,19,js,aa678021,debsterzzz,2025-10-22,23:44:16,-07:00,2025-10-22T23:44:16-07:00,1,32
global.js,20,js,00000000,Not Committed Yet,2025-11-10,17:18:29,-08:00,2025-11-10T17:18:29-08:00,1,28
global.js,21,js,1773c4d8,debsterzzz,2025-10-23,00:01:29,-07:00,2025-10-23T00:01:29-07:00,1,63
global.js,22,js,1f275019,debsterzzz,2025-10-22,03:07:58,-07:00,2025-10-22T03:07:58-07:00,1,32
global.js,23,js,1f275019,debsterzzz,2025-10-22,03:07:58,-07:00,2025-10-22T03:07:58-07:00,0,0
global.js,24,js,1f275019,debsterzzz,2025-10-22,03:07:58,-07:00,2025-10-22T03:07:58-07:00,0,38
global.js,25,js,1f275019,debsterzzz,2025-10-22,03:07:58,-07:00,2025-10-22T03:07:58-07:00,0,25
global.js,26,js,1f275019,debsterzzz,2025-10-22,03:07:58,-07:00,2025-10-22T03:07:58-07:00,0,20
global.js,27,js,1f275019,debsterzzz,2025-10-22,03:07:58,-07:00,2025-10-22T03:07:58-07:00,1,14
global.js,28,js,1f275019,debsterzzz,2025-10-22,03:07:58,-07:00,2025-10-22T03:07:58-07:00,1,18
global.js,29,js,1f275019,debsterzzz,2025-10-22,03:07:58,-07:00,2025-10-22T03:07:58-07:00,1,52
global.js,30,js,1f275019,debsterzzz,2025-10-22,03:07:58,-07:00,2025-10-22T03:07:58-07:00,1,34
global.js,31,js,1f275019,debsterzzz,2025-10-22,03:07:58,-07:00,2025-10-22T03:07:58-07:00,1,11
global.js,32,js,1f275019,debsterzzz,2025-10-22,03:07:58,-07:00,2025-10-22T03:07:58-07:00,1,20
global.js,33,js,1f275019,debsterzzz,2025-10-22,03:07:58,-07:00,2025-10-22T03:07:58-07:00,1,23
global.js,34,js,1f275019,debsterzzz,2025-10-22,03:07:58,-07:00,2025-10-22T03:07:58-07:00,1,17
global.js,35,js,1f275019,debsterzzz,2025-10-22,03:07:58,-07:00,2025-10-22T03:07:58-07:00,2,8
global.js,36,js,1f275019,debsterzzz,2025-10-22,03:07:58,-07:00,2025-10-22T03:07:58-07:00,2,58
global.js,37,js,1f275019,debsterzzz,2025-10-22,03:07:58,-07:00,2025-10-22T03:07:58-07:00,1,0
global.js,38,js,1f275019,debsterzzz,2025-10-22,03:07:58,-07:00,2025-10-22T03:07:58-07:00,0,0
global.js,39,js,1f275019,debsterzzz,2025-10-22,03:07:58,-07:00,2025-10-22T03:07:58-07:00,1,31
global.js,40,js,1f275019,debsterzzz,2025-10-22,03:07:58,-07:00,2025-10-22T03:07:58-07:00,1,52
global.js,41,js,1f275019,debsterzzz,2025-10-22,03:07:58,-07:00,2025-10-22T03:07:58-07:00,1,48
global.js,42,js,1f275019,debsterzzz,2025-10-22,03:07:58,-07:00,2025-10-22T03:07:58-07:00,0,0
global.js,43,js,1f275019,debsterzzz,2025-10-22,03:07:58,-07:00,2025-10-22T03:07:58-07:00,1,11
global.js,44,js,1f275019,debsterzzz,2025-10-22,03:07:58,-07:00,2025-10-22T03:07:58-07:00,1,12
global.js,45,js,1f275019,debsterzzz,2025-10-22,03:07:58,-07:00,2025-10-22T03:07:58-07:00,0,0
global.js,46,js,1f275019,debsterzzz,2025-10-22,03:07:58,-07:00,2025-10-22T03:07:58-07:00,0,31
global.js,47,js,1f275019,debsterzzz,2025-10-22,03:07:58,-07:00,2025-10-22T03:07:58-07:00,1,11
global.js,48,js,1f275019,debsterzzz,2025-10-22,03:07:58,-07:00,2025-10-22T03:07:58-07:00,1,0
global.js,49,js,1f275019,debsterzzz,2025-10-22,03:07:58,-07:00,2025-10-22T03:07:58-07:00,0,26
global.js,50,js,1f275019,debsterzzz,2025-10-22,03:07:58,-07:00,2025-10-22T03:07:58-07:00,0,4
global.js,51,js,1f275019,debsterzzz,2025-10-22,03:07:58,-07:00,2025-10-22T03:07:58-07:00,0,31
global.js,52,js,1f275019,debsterzzz,2025-10-22,03:07:58,-07:00,2025-10-22T03:07:58-07:00,3,43
global.js,53,js,1f275019,debsterzzz,2025-10-22,03:07:58,-07:00,2025-10-22T03:07:58-07:00,3,34
global.js,54,js,1f275019,debsterzzz,2025-10-22,03:07:58,-07:00,2025-10-22T03:07:58-07:00,3,32
global.js,55,js,1f275019,debsterzzz,2025-10-22,03:07:58,-07:00,2025-10-22T03:07:58-07:00,0,7
global.js,56,js,1f275019,debsterzzz,2025-10-22,03:07:58,-07:00,2025-10-22T03:07:58-07:00,0,8
global.js,57,js,7c96e9a5,debsterzzz,2025-10-22,01:38:40,-07:00,2025-10-22T01:38:40-07:00,0,0
global.js,58,js,1f275019,debsterzzz,2025-10-22,03:07:58,-07:00,2025-10-22T03:07:58-07:00,0,40
global.js,59,js,1f275019,debsterzzz,2025-10-22,03:07:58,-07:00,2025-10-22T03:07:58-07:00,0,65
global.js,60,js,1f275019,debsterzzz,2025-10-22,03:07:58,-07:00,2025-10-22T03:07:58-07:00,0,49
global.js,61,js,1f275019,debsterzzz,2025-10-22,03:07:58,-07:00,2025-10-22T03:07:58-07:00,1,57
global.js,62,js,1f275019,debsterzzz,2025-10-22,03:07:58,-07:00,2025-10-22T03:07:58-07:00,1,77
global.js,63,js,1f275019,debsterzzz,2025-10-22,03:07:58,-07:00,2025-10-22T03:07:58-07:00,0,1
global.js,64,js,1f275019,debsterzzz,2025-10-22,03:07:58,-07:00,2025-10-22T03:07:58-07:00,0,31
global.js,65,js,1f275019,debsterzzz,2025-10-22,03:07:58,-07:00,2025-10-22T03:07:58-07:00,0,55
global.js,66,js,1f275019,debsterzzz,2025-10-22,03:07:58,-07:00,2025-10-22T03:07:58-07:00,0,16
global.js,67,js,1f275019,debsterzzz,2025-10-22,03:07:58,-07:00,2025-10-22T03:07:58-07:00,1,70
global.js,68,js,1f275019,debsterzzz,2025-10-22,03:07:58,-07:00,2025-10-22T03:07:58-07:00,1,25
global.js,69,js,1f275019,debsterzzz,2025-10-22,03:07:58,-07:00,2025-10-22T03:07:58-07:00,0,0
global.js,70,js,1f275019,debsterzzz,2025-10-22,03:07:58,-07:00,2025-10-22T03:07:58-07:00,0,0
global.js,71,js,1f275019,debsterzzz,2025-10-22,03:07:58,-07:00,2025-10-22T03:07:58-07:00,0,24
global.js,72,js,1f275019,debsterzzz,2025-10-22,03:07:58,-07:00,2025-10-22T03:07:58-07:00,0,49
global.js,73,js,1f275019,debsterzzz,2025-10-22,03:07:58,-07:00,2025-10-22T03:07:58-07:00,1,35
global.js,74,js,1f275019,debsterzzz,2025-10-22,03:07:58,-07:00,2025-10-22T03:07:58-07:00,1,68
global.js,75,js,1f275019,debsterzzz,2025-10-22,03:07:58,-07:00,2025-10-22T03:07:58-07:00,1,46
global.js,76,js,1f275019,debsterzzz,2025-10-22,03:07:58,-07:00,2025-10-22T03:07:58-07:00,0,1
global.js,77,js,45b24898,debsterzzz,2025-10-23,23:18:16,-07:00,2025-10-23T23:18:16-07:00,0,36
global.js,78,js,45b24898,debsterzzz,2025-10-23,23:18:16,-07:00,2025-10-23T23:18:16-07:00,1,3
global.js,79,js,45b24898,debsterzzz,2025-10-23,23:18:16,-07:00,2025-10-23T23:18:16-07:00,2,39
global.js,80,js,7b10b739,debsterzzz,2025-10-26,19:13:21,-07:00,2025-10-26T19:13:21-07:00,2,32
global.js,81,js,45b24898,debsterzzz,2025-10-23,23:18:16,-07:00,2025-10-23T23:18:16-07:00,2,17
global.js,82,js,45b24898,debsterzzz,2025-10-23,23:18:16,-07:00,2025-10-23T23:18:16-07:00,1,66
global.js,83,js,45b24898,debsterzzz,2025-10-23,23:18:16,-07:00,2025-10-23T23:18:16-07:00,0,0
global.js,84,js,acced0dd,debsterzzz,2025-10-23,23:55:43,-07:00,2025-10-23T23:55:43-07:00,0,40
global.js,85,js,45b24898,debsterzzz,2025-10-23,23:18:16,-07:00,2025-10-23T23:18:16-07:00,0,33
global.js,86,js,acced0dd,debsterzzz,2025-10-23,23:55:43,-07:00,2025-10-23T23:55:43-07:00,0,37
global.js,87,js,45b24898,debsterzzz,2025-10-23,23:18:16,-07:00,2025-10-23T23:18:16-07:00,0,10
global.js,88,js,45b24898,debsterzzz,2025-10-23,23:18:16,-07:00,2025-10-23T23:18:16-07:00,1,20
global.js,89,js,45b24898,debsterzzz,2025-10-23,23:18:16,-07:00,2025-10-23T23:18:16-07:00,1,15
global.js,90,js,45b24898,debsterzzz,2025-10-23,23:18:16,-07:00,2025-10-23T23:18:16-07:00,2,59
global.js,91,js,45b24898,debsterzzz,2025-10-23,23:18:16,-07:00,2025-10-23T23:18:16-07:00,1,0
global.js,92,js,45b24898,debsterzzz,2025-10-23,23:18:16,-07:00,2025-10-23T23:18:16-07:00,0,0
global.js,93,js,0f344865,debsterzzz,2025-10-24,01:46:53,-07:00,2025-10-24T01:46:53-07:00,0,79
global.js,94,js,45b24898,debsterzzz,2025-10-23,23:18:16,-07:00,2025-10-23T23:18:16-07:00,1,23
global.js,95,js,acced0dd,debsterzzz,2025-10-23,23:55:43,-07:00,2025-10-23T23:55:43-07:00,1,21
global.js,96,js,acced0dd,debsterzzz,2025-10-23,23:55:43,-07:00,2025-10-23T23:55:43-07:00,2,51
global.js,97,js,acced0dd,debsterzzz,2025-10-23,23:55:43,-07:00,2025-10-23T23:55:43-07:00,1,0
global.js,98,js,45b24898,debsterzzz,2025-10-23,23:18:16,-07:00,2025-10-23T23:18:16-07:00,1,30
global.js,99,js,acced0dd,debsterzzz,2025-10-23,23:55:43,-07:00,2025-10-23T23:55:43-07:00,2,42
global.js,100,js,acced0dd,debsterzzz,2025-10-23,23:55:43,-07:00,2025-10-23T23:55:43-07:00,1,54
global.js,101,js,acced0dd,debsterzzz,2025-10-23,23:55:43,-07:00,2025-10-23T23:55:43-07:00,2,72
global.js,102,js,acced0dd,debsterzzz,2025-10-23,23:55:43,-07:00,2025-10-23T23:55:43-07:00,2,5
global.js,103,js,acced0dd,debsterzzz,2025-10-23,23:55:43,-07:00,2025-10-23T23:55:43-07:00,1,0
global.js,104,js,acced0dd,debsterzzz,2025-10-23,23:55:43,-07:00,2025-10-23T23:55:43-07:00,0,0
global.js,105,js,acced0dd,debsterzzz,2025-10-23,23:55:43,-07:00,2025-10-23T23:55:43-07:00,1,43
global.js,106,js,acced0dd,debsterzzz,2025-10-23,23:55:43,-07:00,2025-10-23T23:55:43-07:00,1,35
global.js,107,js,acced0dd,debsterzzz,2025-10-23,23:55:43,-07:00,2025-10-23T23:55:43-07:00,2,51
global.js,108,js,acced0dd,debsterzzz,2025-10-23,23:55:43,-07:00,2025-10-23T23:55:43-07:00,1,0
global.js,109,js,acced0dd,debsterzzz,2025-10-23,23:55:43,-07:00,2025-10-23T23:55:43-07:00,0,0
global.js,110,js,acced0dd,debsterzzz,2025-10-23,23:55:43,-07:00,2025-10-23T23:55:43-07:00,1,57
global.js,111,js,acced0dd,debsterzzz,2025-10-23,23:55:43,-07:00,2025-10-23T23:55:43-07:00,1,27
global.js,112,js,45b24898,debsterzzz,2025-10-23,23:18:16,-07:00,2025-10-23T23:18:16-07:00,1,48
global.js,113,js,acced0dd,debsterzzz,2025-10-23,23:55:43,-07:00,2025-10-23T23:55:43-07:00,0,37
global.js,114,js,acced0dd,debsterzzz,2025-10-23,23:55:43,-07:00,2025-10-23T23:55:43-07:00,2,48
global.js,115,js,acced0dd,debsterzzz,2025-10-23,23:55:43,-07:00,2025-10-23T23:55:43-07:00,2,47
global.js,116,js,acced0dd,debsterzzz,2025-10-23,23:55:43,-07:00,2025-10-23T23:55:43-07:00,2,69
global.js,117,js,acced0dd,debsterzzz,2025-10-23,23:55:43,-07:00,2025-10-23T23:55:43-07:00,0,0
global.js,118,js,45b24898,debsterzzz,2025-10-23,23:18:16,-07:00,2025-10-23T23:18:16-07:00,1,19
global.js,119,js,acced0dd,debsterzzz,2025-10-23,23:55:43,-07:00,2025-10-23T23:55:43-07:00,2,41
global.js,120,js,acced0dd,debsterzzz,2025-10-23,23:55:43,-07:00,2025-10-23T23:55:43-07:00,2,33
global.js,121,js,1cfc16df,debsterzzz,2025-11-02,22:25:09,-08:00,2025-11-02T22:25:09-08:00,2,24
global.js,122,js,acced0dd,debsterzzz,2025-10-23,23:55:43,-07:00,2025-10-23T23:55:43-07:00,2,19
global.js,123,js,1cfc16df,debsterzzz,2025-11-02,22:25:09,-08:00,2025-11-02T22:25:09-08:00,2,39
global.js,124,js,1cfc16df,debsterzzz,2025-11-02,22:25:09,-08:00,2025-11-02T22:25:09-08:00,2,4
global.js,125,js,45b24898,debsterzzz,2025-10-23,23:18:16,-07:00,2025-10-23T23:18:16-07:00,0,0
global.js,126,js,45b24898,debsterzzz,2025-10-23,23:18:16,-07:00,2025-10-23T23:18:16-07:00,0,36
global.js,127,js,acced0dd,debsterzzz,2025-10-23,23:55:43,-07:00,2025-10-23T23:55:43-07:00,0,1
global.js,128,js,0f344865,debsterzzz,2025-10-24,01:46:53,-07:00,2025-10-24T01:46:53-07:00,0,0
global.js,129,js,0f344865,debsterzzz,2025-10-24,01:46:53,-07:00,2025-10-24T01:46:53-07:00,0,47
global.js,130,js,0f344865,debsterzzz,2025-10-24,01:46:53,-07:00,2025-10-24T01:46:53-07:00,1,22
global.js,131,js,7b10b739,debsterzzz,2025-10-26,19:13:21,-07:00,2025-10-26T19:13:21-07:00,1,65
global.js,132,js,0f344865,debsterzzz,2025-10-24,01:46:53,-07:00,2025-10-24T01:46:53-07:00,0,0
global.js,133,js,45b24898,debsterzzz,2025-10-23,23:18:16,-07:00,2025-10-23T23:18:16-07:00,0,0
resume/index.html,1,html,97768553,debsterzzz,2025-10-03,22:58:58,-07:00,2025-10-03T22:58:58-07:00,0,13
resume/index.html,2,html,97768553,debsterzzz,2025-10-03,22:58:58,-07:00,2025-10-03T22:58:58-07:00,0,14
resume/index.html,3,html,97768553,debsterzzz,2025-10-03,22:58:58,-07:00,2025-10-03T22:58:58-07:00,0,4
resume/index.html,4,html,97768553,debsterzzz,2025-10-03,22:58:58,-07:00,2025-10-03T22:58:58-07:00,2,20
resume/index.html,5,html,97768553,debsterzzz,2025-10-03,22:58:58,-07:00,2025-10-03T22:58:58-07:00,2,68
resume/index.html,6,html,97768553,debsterzzz,2025-10-03,22:58:58,-07:00,2025-10-03T22:58:58-07:00,2,19
resume/index.html,7,html,97768553,debsterzzz,2025-10-03,22:58:58,-07:00,2025-10-03T22:58:58-07:00,2,41
resume/index.html,8,html,97768553,debsterzzz,2025-10-03,22:58:58,-07:00,2025-10-03T22:58:58-07:00,0,5
resume/index.html,9,html,97768553,debsterzzz,2025-10-03,22:58:58,-07:00,2025-10-03T22:58:58-07:00,0,4
resume/index.html,10,html,1f275019,debsterzzz,2025-10-22,03:07:58,-07:00,2025-10-22T03:07:58-07:00,2,0
resume/index.html,11,html,7277a694,debsterzzz,2025-10-13,23:37:00,-07:00,2025-10-13T23:37:00-07:00,2,23
resume/index.html,12,html,97768553,debsterzzz,2025-10-03,22:58:58,-07:00,2025-10-03T22:58:58-07:00,2,20
resume/index.html,13,html,97768553,debsterzzz,2025-10-03,22:58:58,-07:00,2025-10-03T22:58:58-07:00,1,6
resume/index.html,14,html,97768553,debsterzzz,2025-10-03,22:58:58,-07:00,2025-10-03T22:58:58-07:00,2,27
resume/index.html,15,html,97768553,debsterzzz,2025-10-03,22:58:58,-07:00,2025-10-03T22:58:58-07:00,1,7
resume/index.html,16,html,97768553,debsterzzz,2025-10-03,22:58:58,-07:00,2025-10-03T22:58:58-07:00,1,281
resume/index.html,17,html,97768553,debsterzzz,2025-10-03,22:58:58,-07:00,2025-10-03T22:58:58-07:00,0,8
resume/index.html,18,html,97768553,debsterzzz,2025-10-03,22:58:58,-07:00,2025-10-03T22:58:58-07:00,0,0
resume/index.html,19,html,97768553,debsterzzz,2025-10-03,22:58:58,-07:00,2025-10-03T22:58:58-07:00,0,22
resume/index.html,20,html,97768553,debsterzzz,2025-10-03,22:58:58,-07:00,2025-10-03T22:58:58-07:00,1,6
resume/index.html,21,html,97768553,debsterzzz,2025-10-03,22:58:58,-07:00,2025-10-03T22:58:58-07:00,2,16
resume/index.html,22,html,97768553,debsterzzz,2025-10-03,22:58:58,-07:00,2025-10-03T22:58:58-07:00,1,7
resume/index.html,23,html,97768553,debsterzzz,2025-10-03,22:58:58,-07:00,2025-10-03T22:58:58-07:00,1,7
resume/index.html,24,html,97768553,debsterzzz,2025-10-03,22:58:58,-07:00,2025-10-03T22:58:58-07:00,2,55
resume/index.html,25,html,97768553,debsterzzz,2025-10-03,22:58:58,-07:00,2025-10-03T22:58:58-07:00,2,92
resume/index.html,26,html,97768553,debsterzzz,2025-10-03,22:58:58,-07:00,2025-10-03T22:58:58-07:00,2,50
resume/index.html,27,html,97768553,debsterzzz,2025-10-03,22:58:58,-07:00,2025-10-03T22:58:58-07:00,1,8
resume/index.html,28,html,97768553,debsterzzz,2025-10-03,22:58:58,-07:00,2025-10-03T22:58:58-07:00,0,8
resume/index.html,29,html,97768553,debsterzzz,2025-10-03,22:58:58,-07:00,2025-10-03T22:58:58-07:00,0,0
resume/index.html,30,html,97768553,debsterzzz,2025-10-03,22:58:58,-07:00,2025-10-03T22:58:58-07:00,0,23
resume/index.html,31,html,97768553,debsterzzz,2025-10-03,22:58:58,-07:00,2025-10-03T22:58:58-07:00,1,6
resume/index.html,32,html,97768553,debsterzzz,2025-10-03,22:58:58,-07:00,2025-10-03T22:58:58-07:00,2,22
resume/index.html,33,html,97768553,debsterzzz,2025-10-03,22:58:58,-07:00,2025-10-03T22:58:58-07:00,1,7
resume/index.html,34,html,2d7d9769,debsterzzz,2025-10-12,09:26:40,-07:00,2025-10-12T09:26:40-07:00,1,68
resume/index.html,35,html,97768553,debsterzzz,2025-10-03,22:58:58,-07:00,2025-10-03T22:58:58-07:00,1,7
resume/index.html,36,html,97768553,debsterzzz,2025-10-03,22:58:58,-07:00,2025-10-03T22:58:58-07:00,2,54
resume/index.html,37,html,97768553,debsterzzz,2025-10-03,22:58:58,-07:00,2025-10-03T22:58:58-07:00,2,53
resume/index.html,38,html,97768553,debsterzzz,2025-10-03,22:58:58,-07:00,2025-10-03T22:58:58-07:00,2,2
resume/index.html,39,html,97768553,debsterzzz,2025-10-03,22:58:58,-07:00,2025-10-03T22:58:58-07:00,3,99
resume/index.html,40,html,97768553,debsterzzz,2025-10-03,22:58:58,-07:00,2025-10-03T22:58:58-07:00,0,17
resume/index.html,41,html,97768553,debsterzzz,2025-10-03,22:58:58,-07:00,2025-10-03T22:58:58-07:00,3,78
resume/index.html,42,html,97768553,debsterzzz,2025-10-03,22:58:58,-07:00,2025-10-03T22:58:58-07:00,0,75
resume/index.html,43,html,97768553,debsterzzz,2025-10-03,22:58:58,-07:00,2025-10-03T22:58:58-07:00,3,110
resume/index.html,44,html,97768553,debsterzzz,2025-10-03,22:58:58,-07:00,2025-10-03T22:58:58-07:00,3,133
resume/index.html,45,html,97768553,debsterzzz,2025-10-03,22:58:58,-07:00,2025-10-03T22:58:58-07:00,2,3
resume/index.html,46,html,97768553,debsterzzz,2025-10-03,22:58:58,-07:00,2025-10-03T22:58:58-07:00,1,8
resume/index.html,47,html,2d7d9769,debsterzzz,2025-10-12,09:26:40,-07:00,2025-10-12T09:26:40-07:00,1,81
resume/index.html,48,html,97768553,debsterzzz,2025-10-03,22:58:58,-07:00,2025-10-03T22:58:58-07:00,1,7
resume/index.html,49,html,97768553,debsterzzz,2025-10-03,22:58:58,-07:00,2025-10-03T22:58:58-07:00,2,50
resume/index.html,50,html,97768553,debsterzzz,2025-10-03,22:58:58,-07:00,2025-10-03T22:58:58-07:00,2,90
resume/index.html,51,html,97768553,debsterzzz,2025-10-03,22:58:58,-07:00,2025-10-03T22:58:58-07:00,2,2
resume/index.html,52,html,97768553,debsterzzz,2025-10-03,22:58:58,-07:00,2025-10-03T22:58:58-07:00,3,96
resume/index.html,53,html,97768553,debsterzzz,2025-10-03,22:58:58,-07:00,2025-10-03T22:58:58-07:00,3,116
resume/index.html,54,html,97768553,debsterzzz,2025-10-03,22:58:58,-07:00,2025-10-03T22:58:58-07:00,3,73
resume/index.html,55,html,97768553,debsterzzz,2025-10-03,22:58:58,-07:00,2025-10-03T22:58:58-07:00,3,168
resume/index.html,56,html,97768553,debsterzzz,2025-10-03,22:58:58,-07:00,2025-10-03T22:58:58-07:00,2,3
resume/index.html,57,html,97768553,debsterzzz,2025-10-03,22:58:58,-07:00,2025-10-03T22:58:58-07:00,1,8
resume/index.html,58,html,97768553,debsterzzz,2025-10-03,22:58:58,-07:00,2025-10-03T22:58:58-07:00,0,0
resume/index.html,59,html,97768553,debsterzzz,2025-10-03,22:58:58,-07:00,2025-10-03T22:58:58-07:00,1,7
resume/index.html,60,html,97768553,debsterzzz,2025-10-03,22:58:58,-07:00,2025-10-03T22:58:58-07:00,2,61
resume/index.html,61,html,97768553,debsterzzz,2025-10-03,22:58:58,-07:00,2025-10-03T22:58:58-07:00,2,91
resume/index.html,62,html,97768553,debsterzzz,2025-10-03,22:58:58,-07:00,2025-10-03T22:58:58-07:00,2,2
resume/index.html,63,html,97768553,debsterzzz,2025-10-03,22:58:58,-07:00,2025-10-03T22:58:58-07:00,3,80
resume/index.html,64,html,97768553,debsterzzz,2025-10-03,22:58:58,-07:00,2025-10-03T22:58:58-07:00,3,81
resume/index.html,65,html,97768553,debsterzzz,2025-10-03,22:58:58,-07:00,2025-10-03T22:58:58-07:00,3,101
resume/index.html,66,html,97768553,debsterzzz,2025-10-03,22:58:58,-07:00,2025-10-03T22:58:58-07:00,2,3
resume/index.html,67,html,97768553,debsterzzz,2025-10-03,22:58:58,-07:00,2025-10-03T22:58:58-07:00,1,8
resume/index.html,68,html,97768553,debsterzzz,2025-10-03,22:58:58,-07:00,2025-10-03T22:58:58-07:00,0,8
resume/index.html,69,html,97768553,debsterzzz,2025-10-03,22:58:58,-07:00,2025-10-03T22:58:58-07:00,0,0
resume/index.html,70,html,97768553,debsterzzz,2025-10-03,22:58:58,-07:00,2025-10-03T22:58:58-07:00,0,19
resume/index.html,71,html,97768553,debsterzzz,2025-10-03,22:58:58,-07:00,2025-10-03T22:58:58-07:00,1,6
resume/index.html,72,html,97768553,debsterzzz,2025-10-03,22:58:58,-07:00,2025-10-03T22:58:58-07:00,2,13
resume/index.html,73,html,97768553,debsterzzz,2025-10-03,22:58:58,-07:00,2025-10-03T22:58:58-07:00,1,7
resume/index.html,74,html,97768553,debsterzzz,2025-10-03,22:58:58,-07:00,2025-10-03T22:58:58-07:00,1,2
resume/index.html,75,html,97768553,debsterzzz,2025-10-03,22:58:58,-07:00,2025-10-03T22:58:58-07:00,2,56
resume/index.html,76,html,97768553,debsterzzz,2025-10-03,22:58:58,-07:00,2025-10-03T22:58:58-07:00,2,21
resume/index.html,77,html,97768553,debsterzzz,2025-10-03,22:58:58,-07:00,2025-10-03T22:58:58-07:00,2,24
resume/index.html,78,html,97768553,debsterzzz,2025-10-03,22:58:58,-07:00,2025-10-03T22:58:58-07:00,2,28
resume/index.html,79,html,97768553,debsterzzz,2025-10-03,22:58:58,-07:00,2025-10-03T22:58:58-07:00,1,3
resume/index.html,80,html,97768553,debsterzzz,2025-10-03,22:58:58,-07:00,2025-10-03T22:58:58-07:00,0,8
resume/index.html,81,html,97768553,debsterzzz,2025-10-03,22:58:58,-07:00,2025-10-03T22:58:58-07:00,0,0
resume/index.html,82,html,97768553,debsterzzz,2025-10-03,22:58:58,-07:00,2025-10-03T22:58:58-07:00,0,21
resume/index.html,83,html,97768553,debsterzzz,2025-10-03,22:58:58,-07:00,2025-10-03T22:58:58-07:00,1,6
resume/index.html,84,html,97768553,debsterzzz,2025-10-03,22:58:58,-07:00,2025-10-03T22:58:58-07:00,2,15
resume/index.html,85,html,97768553,debsterzzz,2025-10-03,22:58:58,-07:00,2025-10-03T22:58:58-07:00,1,7
resume/index.html,86,html,97768553,debsterzzz,2025-10-03,22:58:58,-07:00,2025-10-03T22:58:58-07:00,1,7
resume/index.html,87,html,97768553,debsterzzz,2025-10-03,22:58:58,-07:00,2025-10-03T22:58:58-07:00,2,24
resume/index.html,88,html,97768553,debsterzzz,2025-10-03,22:58:58,-07:00,2025-10-03T22:58:58-07:00,2,78
resume/index.html,89,html,97768553,debsterzzz,2025-10-03,22:58:58,-07:00,2025-10-03T22:58:58-07:00,1,8
resume/index.html,90,html,97768553,debsterzzz,2025-10-03,22:58:58,-07:00,2025-10-03T22:58:58-07:00,0,8
resume/index.html,91,html,32dac4d2,debsterzzz,2025-10-22,01:27:26,-07:00,2025-10-22T01:27:26-07:00,0,48
resume/index.html,92,html,97768553,debsterzzz,2025-10-03,22:58:58,-07:00,2025-10-03T22:58:58-07:00,0,5
resume/index.html,93,html,97768553,debsterzzz,2025-10-03,22:58:58,-07:00,2025-10-03T22:58:58-07:00,0,5
projects/projects.js,1,js,7b10b739,debsterzzz,2025-10-26,19:13:21,-07:00,2025-10-26T19:13:21-07:00,0,54
projects/projects.js,2,js,1cfc16df,debsterzzz,2025-11-02,22:25:09,-08:00,2025-11-02T22:25:09-08:00,0,59
projects/projects.js,3,js,1cfc16df,debsterzzz,2025-11-02,22:25:09,-08:00,2025-11-02T22:25:09-08:00,0,0
projects/projects.js,4,js,1cfc16df,debsterzzz,2025-11-02,22:25:09,-08:00,2025-11-02T22:25:09-08:00,0,16
projects/projects.js,5,js,1cfc16df,debsterzzz,2025-11-02,22:25:09,-08:00,2025-11-02T22:25:09-08:00,0,16
projects/projects.js,6,js,1cfc16df,debsterzzz,2025-11-02,22:25:09,-08:00,2025-11-02T22:25:09-08:00,0,13
projects/projects.js,7,js,1cfc16df,debsterzzz,2025-11-02,22:25:09,-08:00,2025-11-02T22:25:09-08:00,0,21
projects/projects.js,8,js,1cfc16df,debsterzzz,2025-11-02,22:25:09,-08:00,2025-11-02T22:25:09-08:00,0,72
projects/projects.js,9,js,1cfc16df,debsterzzz,2025-11-02,22:25:09,-08:00,2025-11-02T22:25:09-08:00,0,0
projects/projects.js,10,js,7c977489,debsterzzz,2025-10-24,00:17:49,-07:00,2025-10-24T00:17:49-07:00,0,29
projects/projects.js,11,js,7c977489,debsterzzz,2025-10-24,00:17:49,-07:00,2025-10-24T00:17:49-07:00,1,21
projects/projects.js,12,js,1cfc16df,debsterzzz,2025-11-02,22:25:09,-08:00,2025-11-02T22:25:09-08:00,1,50
projects/projects.js,13,js,7c977489,debsterzzz,2025-10-24,00:17:49,-07:00,2025-10-24T00:17:49-07:00,0,0
projects/projects.js,14,js,7c977489,debsterzzz,2025-10-24,00:17:49,-07:00,2025-10-24T00:17:49-07:00,1,40
projects/projects.js,15,js,7c977489,debsterzzz,2025-10-24,00:17:49,-07:00,2025-10-24T00:17:49-07:00,1,41
projects/projects.js,16,js,7c977489,debsterzzz,2025-10-24,00:17:49,-07:00,2025-10-24T00:17:49-07:00,0,0
projects/projects.js,17,js,7c977489,debsterzzz,2025-10-24,00:17:49,-07:00,2025-10-24T00:17:49-07:00,1,34
projects/projects.js,18,js,7c977489,debsterzzz,2025-10-24,00:17:49,-07:00,2025-10-24T00:17:49-07:00,1,60
projects/projects.js,19,js,7c977489,debsterzzz,2025-10-24,00:17:49,-07:00,2025-10-24T00:17:49-07:00,0,0
projects/projects.js,20,js,7c977489,debsterzzz,2025-10-24,00:17:49,-07:00,2025-10-24T00:17:49-07:00,1,20
projects/projects.js,21,js,7c977489,debsterzzz,2025-10-24,00:17:49,-07:00,2025-10-24T00:17:49-07:00,1,48
projects/projects.js,22,js,0f344865,debsterzzz,2025-10-24,01:46:53,-07:00,2025-10-24T01:46:53-07:00,0,44
projects/projects.js,23,js,0f344865,debsterzzz,2025-10-24,01:46:53,-07:00,2025-10-24T01:46:53-07:00,1,61
projects/projects.js,24,js,0f344865,debsterzzz,2025-10-24,01:46:53,-07:00,2025-10-24T01:46:53-07:00,1,44
projects/projects.js,25,js,0f344865,debsterzzz,2025-10-24,01:46:53,-07:00,2025-10-24T01:46:53-07:00,1,67
projects/projects.js,26,js,0f344865,debsterzzz,2025-10-24,01:46:53,-07:00,2025-10-24T01:46:53-07:00,1,0
projects/projects.js,27,js,1cfc16df,debsterzzz,2025-11-02,22:25:09,-08:00,2025-11-02T22:25:09-08:00,1,26
projects/projects.js,28,js,1cfc16df,debsterzzz,2025-11-02,22:25:09,-08:00,2025-11-02T22:25:09-08:00,1,7
projects/projects.js,29,js,1cfc16df,debsterzzz,2025-11-02,22:25:09,-08:00,2025-11-02T22:25:09-08:00,1,14
projects/projects.js,30,js,1cfc16df,debsterzzz,2025-11-02,22:25:09,-08:00,2025-11-02T22:25:09-08:00,1,12
projects/projects.js,31,js,1cfc16df,debsterzzz,2025-11-02,22:25:09,-08:00,2025-11-02T22:25:09-08:00,0,0
projects/projects.js,32,js,1cfc16df,debsterzzz,2025-11-02,22:25:09,-08:00,2025-11-02T22:25:09-08:00,0,40
projects/projects.js,33,js,1cfc16df,debsterzzz,2025-11-02,22:25:09,-08:00,2025-11-02T22:25:09-08:00,1,45
projects/projects.js,34,js,1cfc16df,debsterzzz,2025-11-02,22:25:09,-08:00,2025-11-02T22:25:09-08:00,2,11
projects/projects.js,35,js,1cfc16df,debsterzzz,2025-11-02,22:25:09,-08:00,2025-11-02T22:25:09-08:00,2,9
projects/projects.js,36,js,1cfc16df,debsterzzz,2025-11-02,22:25:09,-08:00,2025-11-02T22:25:09-08:00,1,2
projects/projects.js,37,js,1cfc16df,debsterzzz,2025-11-02,22:25:09,-08:00,2025-11-02T22:25:09-08:00,0,0
projects/projects.js,38,js,1cfc16df,debsterzzz,2025-11-02,22:25:09,-08:00,2025-11-02T22:25:09-08:00,1,52
projects/projects.js,39,js,1cfc16df,debsterzzz,2025-11-02,22:25:09,-08:00,2025-11-02T22:25:09-08:00,0,0
projects/projects.js,40,js,1cfc16df,debsterzzz,2025-11-02,22:25:09,-08:00,2025-11-02T22:25:09-08:00,1,58
projects/projects.js,41,js,1cfc16df,debsterzzz,2025-11-02,22:25:09,-08:00,2025-11-02T22:25:09-08:00,0,55
projects/projects.js,42,js,1cfc16df,debsterzzz,2025-11-02,22:25:09,-08:00,2025-11-02T22:25:09-08:00,0,0
projects/projects.js,43,js,1cfc16df,debsterzzz,2025-11-02,22:25:09,-08:00,2025-11-02T22:25:09-08:00,1,9
projects/projects.js,44,js,1cfc16df,debsterzzz,2025-11-02,22:25:09,-08:00,2025-11-02T22:25:09-08:00,0,0
projects/projects.js,45,js,1cfc16df,debsterzzz,2025-11-02,22:25:09,-08:00,2025-11-02T22:25:09-08:00,1,12
projects/projects.js,46,js,1cfc16df,debsterzzz,2025-11-02,22:25:09,-08:00,2025-11-02T22:25:09-08:00,1,48
projects/projects.js,47,js,1cfc16df,debsterzzz,2025-11-02,22:25:09,-08:00,2025-11-02T22:25:09-08:00,2,39
projects/projects.js,48,js,1cfc16df,debsterzzz,2025-11-02,22:25:09,-08:00,2025-11-02T22:25:09-08:00,2,9
projects/projects.js,49,js,1cfc16df,debsterzzz,2025-11-02,22:25:09,-08:00,2025-11-02T22:25:09-08:00,0,0
projects/projects.js,50,js,1cfc16df,debsterzzz,2025-11-02,22:25:09,-08:00,2025-11-02T22:25:09-08:00,1,51
projects/projects.js,51,js,1cfc16df,debsterzzz,2025-11-02,22:25:09,-08:00,2025-11-02T22:25:09-08:00,2,59
projects/projects.js,52,js,1cfc16df,debsterzzz,2025-11-02,22:25:09,-08:00,2025-11-02T22:25:09-08:00,2,28
projects/projects.js,53,js,1cfc16df,debsterzzz,2025-11-02,22:25:09,-08:00,2025-11-02T22:25:09-08:00,1,1
projects/projects.js,54,js,1cfc16df,debsterzzz,2025-11-02,22:25:09,-08:00,2025-11-02T22:25:09-08:00,0,0
projects/projects.js,55,js,1cfc16df,debsterzzz,2025-11-02,22:25:09,-08:00,2025-11-02T22:25:09-08:00,1,56
projects/projects.js,56,js,1cfc16df,debsterzzz,2025-11-02,22:25:09,-08:00,2025-11-02T22:25:09-08:00,1,53
projects/projects.js,57,js,1cfc16df,debsterzzz,2025-11-02,22:25:09,-08:00,2025-11-02T22:25:09-08:00,0,1
projects/projects.js,58,js,1cfc16df,debsterzzz,2025-11-02,22:25:09,-08:00,2025-11-02T22:25:09-08:00,0,23
projects/projects.js,59,js,7c977489,debsterzzz,2025-10-24,00:17:49,-07:00,2025-10-24T00:17:49-07:00,0,0
projects/projects.js,60,js,1cfc16df,debsterzzz,2025-11-02,22:25:09,-08:00,2025-11-02T22:25:09-08:00,0,0
projects/projects.js,61,js,7c977489,debsterzzz,2025-10-24,00:17:49,-07:00,2025-10-24T00:17:49-07:00,0,24
projects/projects.js,62,js,0f344865,debsterzzz,2025-10-24,01:46:53,-07:00,2025-10-24T01:46:53-07:00,0,13
projects/projects.js,63,js,1cfc16df,debsterzzz,2025-11-02,22:25:09,-08:00,2025-11-02T22:25:09-08:00,0,0
projects/projects.js,64,js,1cfc16df,debsterzzz,2025-11-02,22:25:09,-08:00,2025-11-02T22:25:09-08:00,0,40
projects/projects.js,65,js,1cfc16df,debsterzzz,2025-11-02,22:25:09,-08:00,2025-11-02T22:25:09-08:00,0,19
projects/projects.js,66,js,1cfc16df,debsterzzz,2025-11-02,22:25:09,-08:00,2025-11-02T22:25:09-08:00,1,35
projects/projects.js,67,js,1cfc16df,debsterzzz,2025-11-02,22:25:09,-08:00,2025-11-02T22:25:09-08:00,1,65
projects/projects.js,68,js,1cfc16df,debsterzzz,2025-11-02,22:25:09,-08:00,2025-11-02T22:25:09-08:00,1,22
projects/projects.js,69,js,1cfc16df,debsterzzz,2025-11-02,22:25:09,-08:00,2025-11-02T22:25:09-08:00,0,0
projects/projects.js,70,js,1cfc16df,debsterzzz,2025-11-02,22:25:09,-08:00,2025-11-02T22:25:09-08:00,0,57
projects/projects.js,71,js,1cfc16df,debsterzzz,2025-11-02,22:25:09,-08:00,2025-11-02T22:25:09-08:00,0,29
projects/projects.js,72,js,1cfc16df,debsterzzz,2025-11-02,22:25:09,-08:00,2025-11-02T22:25:09-08:00,1,43
projects/projects.js,73,js,1cfc16df,debsterzzz,2025-11-02,22:25:09,-08:00,2025-11-02T22:25:09-08:00,2,59
projects/projects.js,74,js,1cfc16df,debsterzzz,2025-11-02,22:25:09,-08:00,2025-11-02T22:25:09-08:00,2,28
projects/projects.js,75,js,1cfc16df,debsterzzz,2025-11-02,22:25:09,-08:00,2025-11-02T22:25:09-08:00,1,1
projects/projects.js,76,js,1cfc16df,debsterzzz,2025-11-02,22:25:09,-08:00,2025-11-02T22:25:09-08:00,0,0
projects/projects.js,77,js,1cfc16df,debsterzzz,2025-11-02,22:25:09,-08:00,2025-11-02T22:25:09-08:00,1,51
projects/projects.js,78,js,1cfc16df,debsterzzz,2025-11-02,22:25:09,-08:00,2025-11-02T22:25:09-08:00,2,38
projects/projects.js,79,js,1cfc16df,debsterzzz,2025-11-02,22:25:09,-08:00,2025-11-02T22:25:09-08:00,2,47
projects/projects.js,80,js,1cfc16df,debsterzzz,2025-11-02,22:25:09,-08:00,2025-11-02T22:25:09-08:00,1,0
projects/projects.js,81,js,1cfc16df,debsterzzz,2025-11-02,22:25:09,-08:00,2025-11-02T22:25:09-08:00,0,0
projects/projects.js,82,js,1cfc16df,debsterzzz,2025-11-02,22:25:09,-08:00,2025-11-02T22:25:09-08:00,1,14
projects/projects.js,83,js,1cfc16df,debsterzzz,2025-11-02,22:25:09,-08:00,2025-11-02T22:25:09-08:00,0,0
projects/projects.js,84,js,1cfc16df,debsterzzz,2025-11-02,22:25:09,-08:00,2025-11-02T22:25:09-08:00,0,0
projects/projects.js,85,js,1cfc16df,debsterzzz,2025-11-02,22:25:09,-08:00,2025-11-02T22:25:09-08:00,0,0
projects/projects.js,86,js,1cfc16df,debsterzzz,2025-11-02,22:25:09,-08:00,2025-11-02T22:25:09-08:00,0,38
projects/projects.js,87,js,1cfc16df,debsterzzz,2025-11-02,22:25:09,-08:00,2025-11-02T22:25:09-08:00,1,22
projects/projects.js,88,js,1cfc16df,debsterzzz,2025-11-02,22:25:09,-08:00,2025-11-02T22:25:09-08:00,1,40
projects/projects.js,89,js,1cfc16df,debsterzzz,2025-11-02,22:25:09,-08:00,2025-11-02T22:25:09-08:00,1,32
projects/projects.js,90,js,1cfc16df,debsterzzz,2025-11-02,22:25:09,-08:00,2025-11-02T22:25:09-08:00,0,0
projects/projects.js,91,js,1cfc16df,debsterzzz,2025-11-02,22:25:09,-08:00,2025-11-02T22:25:09-08:00,1,30
projects/projects.js,92,js,1cfc16df,debsterzzz,2025-11-02,22:25:09,-08:00,2025-11-02T22:25:09-08:00,1,29
projects/projects.js,93,js,1cfc16df,debsterzzz,2025-11-02,22:25:09,-08:00,2025-11-02T22:25:09-08:00,1,29
projects/projects.js,94,js,1cfc16df,debsterzzz,2025-11-02,22:25:09,-08:00,2025-11-02T22:25:09-08:00,0,0
projects/projects.js,95,js,1cfc16df,debsterzzz,2025-11-02,22:25:09,-08:00,2025-11-02T22:25:09-08:00,1,40
projects/projects.js,96,js,1cfc16df,debsterzzz,2025-11-02,22:25:09,-08:00,2025-11-02T22:25:09-08:00,1,26
projects/projects.js,97,js,1cfc16df,debsterzzz,2025-11-02,22:25:09,-08:00,2025-11-02T22:25:09-08:00,2,12
projects/projects.js,98,js,1cfc16df,debsterzzz,2025-11-02,22:25:09,-08:00,2025-11-02T22:25:09-08:00,2,12
projects/projects.js,99,js,1cfc16df,debsterzzz,2025-11-02,22:25:09,-08:00,2025-11-02T22:25:09-08:00,2,9
projects/projects.js,100,js,1cfc16df,debsterzzz,2025-11-02,22:25:09,-08:00,2025-11-02T22:25:09-08:00,1,0
projects/projects.js,101,js,1cfc16df,debsterzzz,2025-11-02,22:25:09,-08:00,2025-11-02T22:25:09-08:00,0,0
projects/projects.js,102,js,1cfc16df,debsterzzz,2025-11-02,22:25:09,-08:00,2025-11-02T22:25:09-08:00,1,44
projects/projects.js,103,js,1cfc16df,debsterzzz,2025-11-02,22:25:09,-08:00,2025-11-02T22:25:09-08:00,2,10
projects/projects.js,104,js,1cfc16df,debsterzzz,2025-11-02,22:25:09,-08:00,2025-11-02T22:25:09-08:00,2,10
projects/projects.js,105,js,1cfc16df,debsterzzz,2025-11-02,22:25:09,-08:00,2025-11-02T22:25:09-08:00,1,2
projects/projects.js,106,js,1cfc16df,debsterzzz,2025-11-02,22:25:09,-08:00,2025-11-02T22:25:09-08:00,0,0
projects/projects.js,107,js,1cfc16df,debsterzzz,2025-11-02,22:25:09,-08:00,2025-11-02T22:25:09-08:00,1,18
projects/projects.js,108,js,1cfc16df,debsterzzz,2025-11-02,22:25:09,-08:00,2025-11-02T22:25:09-08:00,1,57
projects/projects.js,109,js,1cfc16df,debsterzzz,2025-11-02,22:25:09,-08:00,2025-11-02T22:25:09-08:00,1,48
projects/projects.js,110,js,1cfc16df,debsterzzz,2025-11-02,22:25:09,-08:00,2025-11-02T22:25:09-08:00,1,59
projects/projects.js,111,js,1cfc16df,debsterzzz,2025-11-02,22:25:09,-08:00,2025-11-02T22:25:09-08:00,0,0
projects/projects.js,112,js,1cfc16df,debsterzzz,2025-11-02,22:25:09,-08:00,2025-11-02T22:25:09-08:00,1,14
projects/projects.js,113,js,1cfc16df,debsterzzz,2025-11-02,22:25:09,-08:00,2025-11-02T22:25:09-08:00,1,47
projects/projects.js,114,js,1cfc16df,debsterzzz,2025-11-02,22:25:09,-08:00,2025-11-02T22:25:09-08:00,0,0
projects/projects.js,115,js,1cfc16df,debsterzzz,2025-11-02,22:25:09,-08:00,2025-11-02T22:25:09-08:00,1,24
projects/projects.js,116,js,1cfc16df,debsterzzz,2025-11-02,22:25:09,-08:00,2025-11-02T22:25:09-08:00,1,16
projects/projects.js,117,js,1cfc16df,debsterzzz,2025-11-02,22:25:09,-08:00,2025-11-02T22:25:09-08:00,2,13
projects/projects.js,118,js,1cfc16df,debsterzzz,2025-11-02,22:25:09,-08:00,2025-11-02T22:25:09-08:00,2,22
projects/projects.js,119,js,1cfc16df,debsterzzz,2025-11-02,22:25:09,-08:00,2025-11-02T22:25:09-08:00,2,51
projects/projects.js,120,js,1cfc16df,debsterzzz,2025-11-02,22:25:09,-08:00,2025-11-02T22:25:09-08:00,2,18
projects/projects.js,121,js,1cfc16df,debsterzzz,2025-11-02,22:25:09,-08:00,2025-11-02T22:25:09-08:00,3,63
projects/projects.js,122,js,1cfc16df,debsterzzz,2025-11-02,22:25:09,-08:00,2025-11-02T22:25:09-08:00,3,9
projects/projects.js,123,js,1cfc16df,debsterzzz,2025-11-02,22:25:09,-08:00,2025-11-02T22:25:09-08:00,3,29
projects/projects.js,124,js,1cfc16df,debsterzzz,2025-11-02,22:25:09,-08:00,2025-11-02T22:25:09-08:00,3,19
projects/projects.js,125,js,1cfc16df,debsterzzz,2025-11-02,22:25:09,-08:00,2025-11-02T22:25:09-08:00,4,64
projects/projects.js,126,js,1cfc16df,debsterzzz,2025-11-02,22:25:09,-08:00,2025-11-02T22:25:09-08:00,0,0
projects/projects.js,127,js,1cfc16df,debsterzzz,2025-11-02,22:25:09,-08:00,2025-11-02T22:25:09-08:00,3,23
projects/projects.js,128,js,1cfc16df,debsterzzz,2025-11-02,22:25:09,-08:00,2025-11-02T22:25:09-08:00,3,20
projects/projects.js,129,js,1cfc16df,debsterzzz,2025-11-02,22:25:09,-08:00,2025-11-02T22:25:09-08:00,4,64
projects/projects.js,130,js,1cfc16df,debsterzzz,2025-11-02,22:25:09,-08:00,2025-11-02T22:25:09-08:00,0,0
projects/projects.js,131,js,1cfc16df,debsterzzz,2025-11-02,22:25:09,-08:00,2025-11-02T22:25:09-08:00,3,28
projects/projects.js,132,js,1cfc16df,debsterzzz,2025-11-02,22:25:09,-08:00,2025-11-02T22:25:09-08:00,3,25
projects/projects.js,133,js,1cfc16df,debsterzzz,2025-11-02,22:25:09,-08:00,2025-11-02T22:25:09-08:00,4,71
projects/projects.js,134,js,1cfc16df,debsterzzz,2025-11-02,22:25:09,-08:00,2025-11-02T22:25:09-08:00,3,6
projects/projects.js,135,js,1cfc16df,debsterzzz,2025-11-02,22:25:09,-08:00,2025-11-02T22:25:09-08:00,4,43
projects/projects.js,136,js,1cfc16df,debsterzzz,2025-11-02,22:25:09,-08:00,2025-11-02T22:25:09-08:00,4,64
projects/projects.js,137,js,1cfc16df,debsterzzz,2025-11-02,22:25:09,-08:00,2025-11-02T22:25:09-08:00,4,66
projects/projects.js,138,js,1cfc16df,debsterzzz,2025-11-02,22:25:09,-08:00,2025-11-02T22:25:09-08:00,3,0
projects/projects.js,139,js,1cfc16df,debsterzzz,2025-11-02,22:25:09,-08:00,2025-11-02T22:25:09-08:00,2,1
projects/projects.js,140,js,1cfc16df,debsterzzz,2025-11-02,22:25:09,-08:00,2025-11-02T22:25:09-08:00,1,1
projects/projects.js,141,js,1cfc16df,debsterzzz,2025-11-02,22:25:09,-08:00,2025-11-02T22:25:09-08:00,0,0
projects/projects.js,142,js,1cfc16df,debsterzzz,2025-11-02,22:25:09,-08:00,2025-11-02T22:25:09-08:00,0,0
projects/projects.js,143,js,1cfc16df,debsterzzz,2025-11-02,22:25:09,-08:00,2025-11-02T22:25:09-08:00,1,29
projects/projects.js,144,js,1cfc16df,debsterzzz,2025-11-02,22:25:09,-08:00,2025-11-02T22:25:09-08:00,1,25
projects/projects.js,145,js,1cfc16df,debsterzzz,2025-11-02,22:25:09,-08:00,2025-11-02T22:25:09-08:00,1,17
projects/projects.js,146,js,1cfc16df,debsterzzz,2025-11-02,22:25:09,-08:00,2025-11-02T22:25:09-08:00,2,36
projects/projects.js,147,js,1cfc16df,debsterzzz,2025-11-02,22:25:09,-08:00,2025-11-02T22:25:09-08:00,2,51
projects/projects.js,148,js,1cfc16df,debsterzzz,2025-11-02,22:25:09,-08:00,2025-11-02T22:25:09-08:00,2,68
projects/projects.js,149,js,1cfc16df,debsterzzz,2025-11-02,22:25:09,-08:00,2025-11-02T22:25:09-08:00,2,18
projects/projects.js,150,js,1cfc16df,debsterzzz,2025-11-02,22:25:09,-08:00,2025-11-02T22:25:09-08:00,3,43
projects/projects.js,151,js,1cfc16df,debsterzzz,2025-11-02,22:25:09,-08:00,2025-11-02T22:25:09-08:00,3,9
projects/projects.js,152,js,1cfc16df,debsterzzz,2025-11-02,22:25:09,-08:00,2025-11-02T22:25:09-08:00,3,19
projects/projects.js,153,js,1cfc16df,debsterzzz,2025-11-02,22:25:09,-08:00,2025-11-02T22:25:09-08:00,4,64
projects/projects.js,154,js,1cfc16df,debsterzzz,2025-11-02,22:25:09,-08:00,2025-11-02T22:25:09-08:00,0,0
projects/projects.js,155,js,1cfc16df,debsterzzz,2025-11-02,22:25:09,-08:00,2025-11-02T22:25:09-08:00,3,20
projects/projects.js,156,js,1cfc16df,debsterzzz,2025-11-02,22:25:09,-08:00,2025-11-02T22:25:09-08:00,4,64
projects/projects.js,157,js,1cfc16df,debsterzzz,2025-11-02,22:25:09,-08:00,2025-11-02T22:25:09-08:00,0,0
projects/projects.js,158,js,1cfc16df,debsterzzz,2025-11-02,22:25:09,-08:00,2025-11-02T22:25:09-08:00,3,25
projects/projects.js,159,js,1cfc16df,debsterzzz,2025-11-02,22:25:09,-08:00,2025-11-02T22:25:09-08:00,4,71
projects/projects.js,160,js,1cfc16df,debsterzzz,2025-11-02,22:25:09,-08:00,2025-11-02T22:25:09-08:00,3,6
projects/projects.js,161,js,1cfc16df,debsterzzz,2025-11-02,22:25:09,-08:00,2025-11-02T22:25:09-08:00,4,43
projects/projects.js,162,js,1cfc16df,debsterzzz,2025-11-02,22:25:09,-08:00,2025-11-02T22:25:09-08:00,4,64
projects/projects.js,163,js,1cfc16df,debsterzzz,2025-11-02,22:25:09,-08:00,2025-11-02T22:25:09-08:00,4,66
projects/projects.js,164,js,1cfc16df,debsterzzz,2025-11-02,22:25:09,-08:00,2025-11-02T22:25:09-08:00,3,0
projects/projects.js,165,js,1cfc16df,debsterzzz,2025-11-02,22:25:09,-08:00,2025-11-02T22:25:09-08:00,2,1
projects/projects.js,166,js,1cfc16df,debsterzzz,2025-11-02,22:25:09,-08:00,2025-11-02T22:25:09-08:00,1,1
projects/projects.js,167,js,00000000,Not Committed Yet,2025-11-10,17:18:29,-08:00,2025-11-10T17:18:29-08:00,0,0
projects/index.html,1,html,97768553,debsterzzz,2025-10-03,22:58:58,-07:00,2025-10-03T22:58:58-07:00,0,13
projects/index.html,2,html,97768553,debsterzzz,2025-10-03,22:58:58,-07:00,2025-10-03T22:58:58-07:00,0,14
projects/index.html,3,html,97768553,debsterzzz,2025-10-03,22:58:58,-07:00,2025-10-03T22:58:58-07:00,0,4
projects/index.html,4,html,97768553,debsterzzz,2025-10-03,22:58:58,-07:00,2025-10-03T22:58:58-07:00,2,20
projects/index.html,5,html,97768553,debsterzzz,2025-10-03,22:58:58,-07:00,2025-10-03T22:58:58-07:00,2,68
projects/index.html,6,html,97768553,debsterzzz,2025-10-03,22:58:58,-07:00,2025-10-03T22:58:58-07:00,2,21
projects/index.html,7,html,97768553,debsterzzz,2025-10-03,22:58:58,-07:00,2025-10-03T22:58:58-07:00,2,41
projects/index.html,8,html,97768553,debsterzzz,2025-10-03,22:58:58,-07:00,2025-10-03T22:58:58-07:00,0,5
projects/index.html,9,html,97768553,debsterzzz,2025-10-03,22:58:58,-07:00,2025-10-03T22:58:58-07:00,0,4
projects/index.html,10,html,1cfc16df,debsterzzz,2025-11-02,22:25:09,-08:00,2025-11-02T22:25:09-08:00,1,0
projects/index.html,11,html,1cfc16df,debsterzzz,2025-11-02,22:25:09,-08:00,2025-11-02T22:25:09-08:00,2,38
projects/index.html,12,html,1cfc16df,debsterzzz,2025-11-02,22:25:09,-08:00,2025-11-02T22:25:09-08:00,0,25
projects/index.html,13,html,1cfc16df,debsterzzz,2025-11-02,22:25:09,-08:00,2025-11-02T22:25:09-08:00,1,58
projects/index.html,14,html,1cfc16df,debsterzzz,2025-11-02,22:25:09,-08:00,2025-11-02T22:25:09-08:00,1,22
projects/index.html,15,html,1cfc16df,debsterzzz,2025-11-02,22:25:09,-08:00,2025-11-02T22:25:09-08:00,1,0
projects/index.html,16,html,1cfc16df,debsterzzz,2025-11-02,22:25:09,-08:00,2025-11-02T22:25:09-08:00,0,4
projects/index.html,17,html,1cfc16df,debsterzzz,2025-11-02,22:25:09,-08:00,2025-11-02T22:25:09-08:00,2,4
projects/index.html,18,html,1cfc16df,debsterzzz,2025-11-02,22:25:09,-08:00,2025-11-02T22:25:09-08:00,2,15
projects/index.html,19,html,1cfc16df,debsterzzz,2025-11-02,22:25:09,-08:00,2025-11-02T22:25:09-08:00,2,11
projects/index.html,20,html,1cfc16df,debsterzzz,2025-11-02,22:25:09,-08:00,2025-11-02T22:25:09-08:00,2,26
projects/index.html,21,html,1cfc16df,debsterzzz,2025-11-02,22:25:09,-08:00,2025-11-02T22:25:09-08:00,2,31
projects/index.html,22,html,1cfc16df,debsterzzz,2025-11-02,22:25:09,-08:00,2025-11-02T22:25:09-08:00,2,0
projects/index.html,23,html,7110ab22,debsterzzz,2025-10-13,22:46:45,-07:00,2025-10-13T22:46:45-07:00,2,20
projects/index.html,24,html,acced0dd,debsterzzz,2025-10-23,23:55:43,-07:00,2025-10-23T23:55:43-07:00,2,47
projects/index.html,25,html,0f344865,debsterzzz,2025-10-24,01:46:53,-07:00,2025-10-24T01:46:53-07:00,2,0
projects/index.html,26,html,7110ab22,debsterzzz,2025-10-13,22:46:45,-07:00,2025-10-13T22:46:45-07:00,2,4
projects/index.html,27,html,1cfc16df,debsterzzz,2025-11-02,22:25:09,-08:00,2025-11-02T22:25:09-08:00,0,0
projects/index.html,28,html,acced0dd,debsterzzz,2025-10-23,23:55:43,-07:00,2025-10-23T23:55:43-07:00,0,0
projects/index.html,29,html,97768553,debsterzzz,2025-10-03,22:58:58,-07:00,2025-10-03T22:58:58-07:00,0,5
projects/index.html,30,html,97768553,debsterzzz,2025-10-03,22:58:58,-07:00,2025-10-03T22:58:58-07:00,0,5
contact/index.html,1,html,97768553,debsterzzz,2025-10-03,22:58:58,-07:00,2025-10-03T22:58:58-07:00,0,13
contact/index.html,2,html,97768553,debsterzzz,2025-10-03,22:58:58,-07:00,2025-10-03T22:58:58-07:00,0,14
contact/index.html,3,html,97768553,debsterzzz,2025-10-03,22:58:58,-07:00,2025-10-03T22:58:58-07:00,0,4
contact/index.html,4,html,97768553,debsterzzz,2025-10-03,22:58:58,-07:00,2025-10-03T22:58:58-07:00,2,20
contact/index.html,5,html,97768553,debsterzzz,2025-10-03,22:58:58,-07:00,2025-10-03T22:58:58-07:00,2,68
contact/index.html,6,html,97768553,debsterzzz,2025-10-03,22:58:58,-07:00,2025-10-03T22:58:58-07:00,2,20
contact/index.html,7,html,97768553,debsterzzz,2025-10-03,22:58:58,-07:00,2025-10-03T22:58:58-07:00,2,41
contact/index.html,8,html,97768553,debsterzzz,2025-10-03,22:58:58,-07:00,2025-10-03T22:58:58-07:00,0,5
contact/index.html,9,html,97768553,debsterzzz,2025-10-03,22:58:58,-07:00,2025-10-03T22:58:58-07:00,0,4
contact/index.html,10,html,1f275019,debsterzzz,2025-10-22,03:07:58,-07:00,2025-10-22T03:07:58-07:00,2,0
contact/index.html,11,html,97768553,debsterzzz,2025-10-03,22:58:58,-07:00,2025-10-03T22:58:58-07:00,0,0
contact/index.html,12,html,97768553,debsterzzz,2025-10-03,22:58:58,-07:00,2025-10-03T22:58:58-07:00,2,14
contact/index.html,13,html,97768553,debsterzzz,2025-10-03,22:58:58,-07:00,2025-10-03T22:58:58-07:00,2,39
contact/index.html,14,html,97768553,debsterzzz,2025-10-03,22:58:58,-07:00,2025-10-03T22:58:58-07:00,2,71
contact/index.html,15,html,97768553,debsterzzz,2025-10-03,22:58:58,-07:00,2025-10-03T22:58:58-07:00,0,0
contact/index.html,16,html,97768553,debsterzzz,2025-10-03,22:58:58,-07:00,2025-10-03T22:58:58-07:00,4,5
contact/index.html,17,html,97768553,debsterzzz,2025-10-03,22:58:58,-07:00,2025-10-03T22:58:58-07:00,6,9
contact/index.html,18,html,97768553,debsterzzz,2025-10-03,22:58:58,-07:00,2025-10-03T22:58:58-07:00,6,40
contact/index.html,19,html,97768553,debsterzzz,2025-10-03,22:58:58,-07:00,2025-10-03T22:58:58-07:00,4,6
contact/index.html,20,html,97768553,debsterzzz,2025-10-03,22:58:58,-07:00,2025-10-03T22:58:58-07:00,4,0
contact/index.html,21,html,97768553,debsterzzz,2025-10-03,22:58:58,-07:00,2025-10-03T22:58:58-07:00,0,0
contact/index.html,22,html,97768553,debsterzzz,2025-10-03,22:58:58,-07:00,2025-10-03T22:58:58-07:00,4,5
contact/index.html,23,html,97768553,debsterzzz,2025-10-03,22:58:58,-07:00,2025-10-03T22:58:58-07:00,6,6
contact/index.html,24,html,97768553,debsterzzz,2025-10-03,22:58:58,-07:00,2025-10-03T22:58:58-07:00,6,20
contact/index.html,25,html,97768553,debsterzzz,2025-10-03,22:58:58,-07:00,2025-10-03T22:58:58-07:00,4,6
contact/index.html,26,html,97768553,debsterzzz,2025-10-03,22:58:58,-07:00,2025-10-03T22:58:58-07:00,4,0
contact/index.html,27,html,97768553,debsterzzz,2025-10-03,22:58:58,-07:00,2025-10-03T22:58:58-07:00,0,0
contact/index.html,28,html,97768553,debsterzzz,2025-10-03,22:58:58,-07:00,2025-10-03T22:58:58-07:00,2,5
contact/index.html,29,html,97768553,debsterzzz,2025-10-03,22:58:58,-07:00,2025-10-03T22:58:58-07:00,4,6
contact/index.html,30,html,97768553,debsterzzz,2025-10-03,22:58:58,-07:00,2025-10-03T22:58:58-07:00,4,31
contact/index.html,31,html,97768553,debsterzzz,2025-10-03,22:58:58,-07:00,2025-10-03T22:58:58-07:00,2,6
contact/index.html,32,html,97768553,debsterzzz,2025-10-03,22:58:58,-07:00,2025-10-03T22:58:58-07:00,2,0
contact/index.html,33,html,97768553,debsterzzz,2025-10-03,22:58:58,-07:00,2025-10-03T22:58:58-07:00,0,0
contact/index.html,34,html,97768553,debsterzzz,2025-10-03,22:58:58,-07:00,2025-10-03T22:58:58-07:00,2,19
contact/index.html,35,html,b1579daf,debsterzzz,2025-10-13,23:01:03,-07:00,2025-10-13T23:01:03-07:00,2,5
contact/index.html,36,html,32dac4d2,debsterzzz,2025-10-22,01:27:26,-07:00,2025-10-22T01:27:26-07:00,0,48
contact/index.html,37,html,97768553,debsterzzz,2025-10-03,22:58:58,-07:00,2025-10-03T22:58:58-07:00,0,5
contact/index.html,38,html,97768553,debsterzzz,2025-10-03,22:58:58,-07:00,2025-10-03T22:58:58-07:00,0,5
Project2/index.html,1,html,74fb9b15,debsterzzz,2025-10-28,00:04:55,-05:00,2025-10-28T00:04:55-05:00,0,13
Project2/index.html,2,html,74fb9b15,debsterzzz,2025-10-28,00:04:55,-05:00,2025-10-28T00:04:55-05:00,0,14
Project2/index.html,3,html,74fb9b15,debsterzzz,2025-10-28,00:04:55,-05:00,2025-10-28T00:04:55-05:00,1,4
Project2/index.html,4,html,74fb9b15,debsterzzz,2025-10-28,00:04:55,-05:00,2025-10-28T00:04:55-05:00,2,29
Project2/index.html,5,html,74fb9b15,debsterzzz,2025-10-28,00:04:55,-05:00,2025-10-28T00:04:55-05:00,2,5
Project2/index.html,6,html,74fb9b15,debsterzzz,2025-10-28,00:04:55,-05:00,2025-10-28T00:04:55-05:00,3,5
Project2/index.html,7,html,74fb9b15,debsterzzz,2025-10-28,00:04:55,-05:00,2025-10-28T00:04:55-05:00,4,35
Project2/index.html,8,html,74fb9b15,debsterzzz,2025-10-28,00:04:55,-05:00,2025-10-28T00:04:55-05:00,4,35
Project2/index.html,9,html,74fb9b15,debsterzzz,2025-10-28,00:04:55,-05:00,2025-10-28T00:04:55-05:00,4,35
Project2/index.html,10,html,74fb9b15,debsterzzz,2025-10-28,00:04:55,-05:00,2025-10-28T00:04:55-05:00,4,35
Project2/index.html,11,html,74fb9b15,debsterzzz,2025-10-28,00:04:55,-05:00,2025-10-28T00:04:55-05:00,4,35
Project2/index.html,12,html,74fb9b15,debsterzzz,2025-10-28,00:04:55,-05:00,2025-10-28T00:04:55-05:00,4,35
Project2/index.html,13,html,74fb9b15,debsterzzz,2025-10-28,00:04:55,-05:00,2025-10-28T00:04:55-05:00,4,35
Project2/index.html,14,html,74fb9b15,debsterzzz,2025-10-28,00:04:55,-05:00,2025-10-28T00:04:55-05:00,4,35
Project2/index.html,15,html,74fb9b15,debsterzzz,2025-10-28,00:04:55,-05:00,2025-10-28T00:04:55-05:00,4,35
Project2/index.html,16,html,74fb9b15,debsterzzz,2025-10-28,00:04:55,-05:00,2025-10-28T00:04:55-05:00,4,35
Project2/index.html,17,html,74fb9b15,debsterzzz,2025-10-28,00:04:55,-05:00,2025-10-28T00:04:55-05:00,3,0
Project2/index.html,18,html,74fb9b15,debsterzzz,2025-10-28,00:04:55,-05:00,2025-10-28T00:04:55-05:00,0,0
Project2/index.html,19,html,74fb9b15,debsterzzz,2025-10-28,00:04:55,-05:00,2025-10-28T00:04:55-05:00,3,4
Project2/index.html,20,html,74fb9b15,debsterzzz,2025-10-28,00:04:55,-05:00,2025-10-28T00:04:55-05:00,4,23
Project2/index.html,21,html,74fb9b15,debsterzzz,2025-10-28,00:04:55,-05:00,2025-10-28T00:04:55-05:00,4,20
Project2/index.html,22,html,74fb9b15,debsterzzz,2025-10-28,00:04:55,-05:00,2025-10-28T00:04:55-05:00,4,34
Project2/index.html,23,html,74fb9b15,debsterzzz,2025-10-28,00:04:55,-05:00,2025-10-28T00:04:55-05:00,4,25
Project2/index.html,24,html,74fb9b15,debsterzzz,2025-10-28,00:04:55,-05:00,2025-10-28T00:04:55-05:00,4,13
Project2/index.html,25,html,74fb9b15,debsterzzz,2025-10-28,00:04:55,-05:00,2025-10-28T00:04:55-05:00,3,0
Project2/index.html,26,html,74fb9b15,debsterzzz,2025-10-28,00:04:55,-05:00,2025-10-28T00:04:55-05:00,0,0
Project2/index.html,27,html,74fb9b15,debsterzzz,2025-10-28,00:04:55,-05:00,2025-10-28T00:04:55-05:00,3,12
Project2/index.html,28,html,74fb9b15,debsterzzz,2025-10-28,00:04:55,-05:00,2025-10-28T00:04:55-05:00,0,0
Project2/index.html,29,html,74fb9b15,debsterzzz,2025-10-28,00:04:55,-05:00,2025-10-28T00:04:55-05:00,3,1
Project2/index.html,30,html,74fb9b15,debsterzzz,2025-10-28,00:04:55,-05:00,2025-10-28T00:04:55-05:00,3,1
Project2/index.html,31,html,74fb9b15,debsterzzz,2025-10-28,00:04:55,-05:00,2025-10-28T00:04:55-05:00,3,1
Project2/index.html,32,html,74fb9b15,debsterzzz,2025-10-28,00:04:55,-05:00,2025-10-28T00:04:55-05:00,3,1
Project2/index.html,33,html,74fb9b15,debsterzzz,2025-10-28,00:04:55,-05:00,2025-10-28T00:04:55-05:00,3,1
Project2/index.html,34,html,74fb9b15,debsterzzz,2025-10-28,00:04:55,-05:00,2025-10-28T00:04:55-05:00,3,2
Project2/index.html,35,html,74fb9b15,debsterzzz,2025-10-28,00:04:55,-05:00,2025-10-28T00:04:55-05:00,4,15
Project2/index.html,36,html,74fb9b15,debsterzzz,2025-10-28,00:04:55,-05:00,2025-10-28T00:04:55-05:00,4,15
Project2/index.html,37,html,74fb9b15,debsterzzz,2025-10-28,00:04:55,-05:00,2025-10-28T00:04:55-05:00,4,17
Project2/index.html,38,html,74fb9b15,debsterzzz,2025-10-28,00:04:55,-05:00,2025-10-28T00:04:55-05:00,3,0
Project2/index.html,39,html,74fb9b15,debsterzzz,2025-10-28,00:04:55,-05:00,2025-10-28T00:04:55-05:00,0,0
Project2/index.html,40,html,74fb9b15,debsterzzz,2025-10-28,00:04:55,-05:00,2025-10-28T00:04:55-05:00,3,1
Project2/index.html,41,html,74fb9b15,debsterzzz,2025-10-28,00:04:55,-05:00,2025-10-28T00:04:55-05:00,3,2
Project2/index.html,42,html,74fb9b15,debsterzzz,2025-10-28,00:04:55,-05:00,2025-10-28T00:04:55-05:00,4,47
Project2/index.html,43,html,74fb9b15,debsterzzz,2025-10-28,00:04:55,-05:00,2025-10-28T00:04:55-05:00,4,20
Project2/index.html,44,html,74fb9b15,debsterzzz,2025-10-28,00:04:55,-05:00,2025-10-28T00:04:55-05:00,3,0
Project2/index.html,45,html,74fb9b15,debsterzzz,2025-10-28,00:04:55,-05:00,2025-10-28T00:04:55-05:00,0,0
Project2/index.html,46,html,74fb9b15,debsterzzz,2025-10-28,00:04:55,-05:00,2025-10-28T00:04:55-05:00,3,2
Project2/index.html,47,html,74fb9b15,debsterzzz,2025-10-28,00:04:55,-05:00,2025-10-28T00:04:55-05:00,4,23
Project2/index.html,48,html,74fb9b15,debsterzzz,2025-10-28,00:04:55,-05:00,2025-10-28T00:04:55-05:00,4,48
Project2/index.html,49,html,74fb9b15,debsterzzz,2025-10-28,00:04:55,-05:00,2025-10-28T00:04:55-05:00,4,15
Project2/index.html,50,html,74fb9b15,debsterzzz,2025-10-28,00:04:55,-05:00,2025-10-28T00:04:55-05:00,0,0
Project2/index.html,51,html,74fb9b15,debsterzzz,2025-10-28,00:04:55,-05:00,2025-10-28T00:04:55-05:00,4,5
Project2/index.html,52,html,74fb9b15,debsterzzz,2025-10-28,00:04:55,-05:00,2025-10-28T00:04:55-05:00,5,13
Project2/index.html,53,html,74fb9b15,debsterzzz,2025-10-28,00:04:55,-05:00,2025-10-28T00:04:55-05:00,5,17
Project2/index.html,54,html,74fb9b15,debsterzzz,2025-10-28,00:04:55,-05:00,2025-10-28T00:04:55-05:00,5,19
Project2/index.html,55,html,74fb9b15,debsterzzz,2025-10-28,00:04:55,-05:00,2025-10-28T00:04:55-05:00,5,18
Project2/index.html,56,html,74fb9b15,debsterzzz,2025-10-28,00:04:55,-05:00,2025-10-28T00:04:55-05:00,5,11
Project2/index.html,57,html,74fb9b15,debsterzzz,2025-10-28,00:04:55,-05:00,2025-10-28T00:04:55-05:00,5,34
Project2/index.html,58,html,74fb9b15,debsterzzz,2025-10-28,00:04:55,-05:00,2025-10-28T00:04:55-05:00,5,13
Project2/index.html,59,html,74fb9b15,debsterzzz,2025-10-28,00:04:55,-05:00,2025-10-28T00:04:55-05:00,5,24
Project2/index.html,60,html,74fb9b15,debsterzzz,2025-10-28,00:04:55,-05:00,2025-10-28T00:04:55-05:00,5,18
Project2/index.html,61,html,74fb9b15,debsterzzz,2025-10-28,00:04:55,-05:00,2025-10-28T00:04:55-05:00,4,0
Project2/index.html,62,html,74fb9b15,debsterzzz,2025-10-28,00:04:55,-05:00,2025-10-28T00:04:55-05:00,3,0
Project2/index.html,63,html,74fb9b15,debsterzzz,2025-10-28,00:04:55,-05:00,2025-10-28T00:04:55-05:00,0,0
Project2/index.html,64,html,74fb9b15,debsterzzz,2025-10-28,00:04:55,-05:00,2025-10-28T00:04:55-05:00,3,2
Project2/index.html,65,html,74fb9b15,debsterzzz,2025-10-28,00:04:55,-05:00,2025-10-28T00:04:55-05:00,4,14
Project2/index.html,66,html,74fb9b15,debsterzzz,2025-10-28,00:04:55,-05:00,2025-10-28T00:04:55-05:00,4,29
Project2/index.html,67,html,74fb9b15,debsterzzz,2025-10-28,00:04:55,-05:00,2025-10-28T00:04:55-05:00,3,0
Project2/index.html,68,html,74fb9b15,debsterzzz,2025-10-28,00:04:55,-05:00,2025-10-28T00:04:55-05:00,0,0
Project2/index.html,69,html,74fb9b15,debsterzzz,2025-10-28,00:04:55,-05:00,2025-10-28T00:04:55-05:00,3,2
Project2/index.html,70,html,74fb9b15,debsterzzz,2025-10-28,00:04:55,-05:00,2025-10-28T00:04:55-05:00,4,14
Project2/index.html,71,html,74fb9b15,debsterzzz,2025-10-28,00:04:55,-05:00,2025-10-28T00:04:55-05:00,3,0
Project2/index.html,72,html,74fb9b15,debsterzzz,2025-10-28,00:04:55,-05:00,2025-10-28T00:04:55-05:00,0,0
Project2/index.html,73,html,74fb9b15,debsterzzz,2025-10-28,00:04:55,-05:00,2025-10-28T00:04:55-05:00,3,9
Project2/index.html,74,html,74fb9b15,debsterzzz,2025-10-28,00:04:55,-05:00,2025-10-28T00:04:55-05:00,0,0
Project2/index.html,75,html,74fb9b15,debsterzzz,2025-10-28,00:04:55,-05:00,2025-10-28T00:04:55-05:00,3,1
Project2/index.html,76,html,74fb9b15,debsterzzz,2025-10-28,00:04:55,-05:00,2025-10-28T00:04:55-05:00,3,2
Project2/index.html,77,html,74fb9b15,debsterzzz,2025-10-28,00:04:55,-05:00,2025-10-28T00:04:55-05:00,4,24
Project2/index.html,78,html,74fb9b15,debsterzzz,2025-10-28,00:04:55,-05:00,2025-10-28T00:04:55-05:00,3,0
Project2/index.html,79,html,74fb9b15,debsterzzz,2025-10-28,00:04:55,-05:00,2025-10-28T00:04:55-05:00,0,0
Project2/index.html,80,html,74fb9b15,debsterzzz,2025-10-28,00:04:55,-05:00,2025-10-28T00:04:55-05:00,3,2
Project2/index.html,81,html,74fb9b15,debsterzzz,2025-10-28,00:04:55,-05:00,2025-10-28T00:04:55-05:00,4,9
Project2/index.html,82,html,74fb9b15,debsterzzz,2025-10-28,00:04:55,-05:00,2025-10-28T00:04:55-05:00,5,29
Project2/index.html,83,html,74fb9b15,debsterzzz,2025-10-28,00:04:55,-05:00,2025-10-28T00:04:55-05:00,4,0
Project2/index.html,84,html,74fb9b15,debsterzzz,2025-10-28,00:04:55,-05:00,2025-10-28T00:04:55-05:00,0,0
Project2/index.html,85,html,74fb9b15,debsterzzz,2025-10-28,00:04:55,-05:00,2025-10-28T00:04:55-05:00,4,4
Project2/index.html,86,html,74fb9b15,debsterzzz,2025-10-28,00:04:55,-05:00,2025-10-28T00:04:55-05:00,5,16
Project2/index.html,87,html,74fb9b15,debsterzzz,2025-10-28,00:04:55,-05:00,2025-10-28T00:04:55-05:00,4,0
Project2/index.html,88,html,74fb9b15,debsterzzz,2025-10-28,00:04:55,-05:00,2025-10-28T00:04:55-05:00,3,0
Project2/index.html,89,html,74fb9b15,debsterzzz,2025-10-28,00:04:55,-05:00,2025-10-28T00:04:55-05:00,0,0
Project2/index.html,90,html,74fb9b15,debsterzzz,2025-10-28,00:04:55,-05:00,2025-10-28T00:04:55-05:00,3,23
Project2/index.html,91,html,74fb9b15,debsterzzz,2025-10-28,00:04:55,-05:00,2025-10-28T00:04:55-05:00,0,0
Project2/index.html,92,html,74fb9b15,debsterzzz,2025-10-28,00:04:55,-05:00,2025-10-28T00:04:55-05:00,3,6
Project2/index.html,93,html,74fb9b15,debsterzzz,2025-10-28,00:04:55,-05:00,2025-10-28T00:04:55-05:00,4,17
Project2/index.html,94,html,74fb9b15,debsterzzz,2025-10-28,00:04:55,-05:00,2025-10-28T00:04:55-05:00,4,17
Project2/index.html,95,html,74fb9b15,debsterzzz,2025-10-28,00:04:55,-05:00,2025-10-28T00:04:55-05:00,3,0
Project2/index.html,96,html,74fb9b15,debsterzzz,2025-10-28,00:04:55,-05:00,2025-10-28T00:04:55-05:00,0,0
Project2/index.html,97,html,74fb9b15,debsterzzz,2025-10-28,00:04:55,-05:00,2025-10-28T00:04:55-05:00,3,4
Project2/index.html,98,html,74fb9b15,debsterzzz,2025-10-28,00:04:55,-05:00,2025-10-28T00:04:55-05:00,4,16
Project2/index.html,99,html,74fb9b15,debsterzzz,2025-10-28,00:04:55,-05:00,2025-10-28T00:04:55-05:00,4,29
Project2/index.html,100,html,74fb9b15,debsterzzz,2025-10-28,00:04:55,-05:00,2025-10-28T00:04:55-05:00,4,18
Project2/index.html,101,html,74fb9b15,debsterzzz,2025-10-28,00:04:55,-05:00,2025-10-28T00:04:55-05:00,4,19
Project2/index.html,102,html,74fb9b15,debsterzzz,2025-10-28,00:04:55,-05:00,2025-10-28T00:04:55-05:00,3,0
Project2/index.html,103,html,74fb9b15,debsterzzz,2025-10-28,00:04:55,-05:00,2025-10-28T00:04:55-05:00,0,0
Project2/index.html,104,html,74fb9b15,debsterzzz,2025-10-28,00:04:55,-05:00,2025-10-28T00:04:55-05:00,3,11
Project2/index.html,105,html,74fb9b15,debsterzzz,2025-10-28,00:04:55,-05:00,2025-10-28T00:04:55-05:00,0,0
Project2/index.html,106,html,74fb9b15,debsterzzz,2025-10-28,00:04:55,-05:00,2025-10-28T00:04:55-05:00,3,6
Project2/index.html,107,html,74fb9b15,debsterzzz,2025-10-28,00:04:55,-05:00,2025-10-28T00:04:55-05:00,4,12
Project2/index.html,108,html,74fb9b15,debsterzzz,2025-10-28,00:04:55,-05:00,2025-10-28T00:04:55-05:00,4,14
Project2/index.html,109,html,74fb9b15,debsterzzz,2025-10-28,00:04:55,-05:00,2025-10-28T00:04:55-05:00,4,20
Project2/index.html,110,html,74fb9b15,debsterzzz,2025-10-28,00:04:55,-05:00,2025-10-28T00:04:55-05:00,4,40
Project2/index.html,111,html,74fb9b15,debsterzzz,2025-10-28,00:04:55,-05:00,2025-10-28T00:04:55-05:00,4,48
Project2/index.html,112,html,74fb9b15,debsterzzz,2025-10-28,00:04:55,-05:00,2025-10-28T00:04:55-05:00,4,17
Project2/index.html,113,html,74fb9b15,debsterzzz,2025-10-28,00:04:55,-05:00,2025-10-28T00:04:55-05:00,4,16
Project2/index.html,114,html,74fb9b15,debsterzzz,2025-10-28,00:04:55,-05:00,2025-10-28T00:04:55-05:00,0,0
Project2/index.html,115,html,74fb9b15,debsterzzz,2025-10-28,00:04:55,-05:00,2025-10-28T00:04:55-05:00,4,12
Project2/index.html,116,html,74fb9b15,debsterzzz,2025-10-28,00:04:55,-05:00,2025-10-28T00:04:55-05:00,5,29
Project2/index.html,117,html,74fb9b15,debsterzzz,2025-10-28,00:04:55,-05:00,2025-10-28T00:04:55-05:00,5,34
Project2/index.html,118,html,74fb9b15,debsterzzz,2025-10-28,00:04:55,-05:00,2025-10-28T00:04:55-05:00,5,14
Project2/index.html,119,html,74fb9b15,debsterzzz,2025-10-28,00:04:55,-05:00,2025-10-28T00:04:55-05:00,5,14
Project2/index.html,120,html,74fb9b15,debsterzzz,2025-10-28,00:04:55,-05:00,2025-10-28T00:04:55-05:00,5,17
Project2/index.html,121,html,74fb9b15,debsterzzz,2025-10-28,00:04:55,-05:00,2025-10-28T00:04:55-05:00,5,24
Project2/index.html,122,html,74fb9b15,debsterzzz,2025-10-28,00:04:55,-05:00,2025-10-28T00:04:55-05:00,5,15
Project2/index.html,123,html,74fb9b15,debsterzzz,2025-10-28,00:04:55,-05:00,2025-10-28T00:04:55-05:00,0,0
Project2/index.html,124,html,74fb9b15,debsterzzz,2025-10-28,00:04:55,-05:00,2025-10-28T00:04:55-05:00,5,9
Project2/index.html,125,html,74fb9b15,debsterzzz,2025-10-28,00:04:55,-05:00,2025-10-28T00:04:55-05:00,6,38
Project2/index.html,126,html,74fb9b15,debsterzzz,2025-10-28,00:04:55,-05:00,2025-10-28T00:04:55-05:00,6,16
Project2/index.html,127,html,74fb9b15,debsterzzz,2025-10-28,00:04:55,-05:00,2025-10-28T00:04:55-05:00,6,29
Project2/index.html,128,html,74fb9b15,debsterzzz,2025-10-28,00:04:55,-05:00,2025-10-28T00:04:55-05:00,5,0
Project2/index.html,129,html,74fb9b15,debsterzzz,2025-10-28,00:04:55,-05:00,2025-10-28T00:04:55-05:00,0,0
Project2/index.html,130,html,74fb9b15,debsterzzz,2025-10-28,00:04:55,-05:00,2025-10-28T00:04:55-05:00,5,30
Project2/index.html,131,html,74fb9b15,debsterzzz,2025-10-28,00:04:55,-05:00,2025-10-28T00:04:55-05:00,6,13
Project2/index.html,132,html,74fb9b15,debsterzzz,2025-10-28,00:04:55,-05:00,2025-10-28T00:04:55-05:00,6,25
Project2/index.html,133,html,74fb9b15,debsterzzz,2025-10-28,00:04:55,-05:00,2025-10-28T00:04:55-05:00,6,31
Project2/index.html,134,html,74fb9b15,debsterzzz,2025-10-28,00:04:55,-05:00,2025-10-28T00:04:55-05:00,7,5
Project2/index.html,135,html,74fb9b15,debsterzzz,2025-10-28,00:04:55,-05:00,2025-10-28T00:04:55-05:00,7,11
Project2/index.html,136,html,74fb9b15,debsterzzz,2025-10-28,00:04:55,-05:00,2025-10-28T00:04:55-05:00,7,13
Project2/index.html,137,html,74fb9b15,debsterzzz,2025-10-28,00:04:55,-05:00,2025-10-28T00:04:55-05:00,6,0
Project2/index.html,138,html,74fb9b15,debsterzzz,2025-10-28,00:04:55,-05:00,2025-10-28T00:04:55-05:00,5,0
Project2/index.html,139,html,74fb9b15,debsterzzz,2025-10-28,00:04:55,-05:00,2025-10-28T00:04:55-05:00,4,0
Project2/index.html,140,html,74fb9b15,debsterzzz,2025-10-28,00:04:55,-05:00,2025-10-28T00:04:55-05:00,3,0
Project2/index.html,141,html,74fb9b15,debsterzzz,2025-10-28,00:04:55,-05:00,2025-10-28T00:04:55-05:00,2,6
Project2/index.html,142,html,74fb9b15,debsterzzz,2025-10-28,00:04:55,-05:00,2025-10-28T00:04:55-05:00,1,5
Project2/index.html,143,html,74fb9b15,debsterzzz,2025-10-28,00:04:55,-05:00,2025-10-28T00:04:55-05:00,0,0
Project2/index.html,144,html,74fb9b15,debsterzzz,2025-10-28,00:04:55,-05:00,2025-10-28T00:04:55-05:00,1,4
Project2/index.html,145,html,74fb9b15,debsterzzz,2025-10-28,00:04:55,-05:00,2025-10-28T00:04:55-05:00,2,6
Project2/index.html,146,html,74fb9b15,debsterzzz,2025-10-28,00:04:55,-05:00,2025-10-28T00:04:55-05:00,3,2
Project2/index.html,147,html,74fb9b15,debsterzzz,2025-10-28,00:04:55,-05:00,2025-10-28T00:04:55-05:00,4,25
Project2/index.html,148,html,74fb9b15,debsterzzz,2025-10-28,00:04:55,-05:00,2025-10-28T00:04:55-05:00,4,36
Project2/index.html,149,html,74fb9b15,debsterzzz,2025-10-28,00:04:55,-05:00,2025-10-28T00:04:55-05:00,3,3
Project2/index.html,150,html,74fb9b15,debsterzzz,2025-10-28,00:04:55,-05:00,2025-10-28T00:04:55-05:00,0,0
Project2/index.html,151,html,74fb9b15,debsterzzz,2025-10-28,00:04:55,-05:00,2025-10-28T00:04:55-05:00,3,65
Project2/index.html,152,html,74fb9b15,debsterzzz,2025-10-28,00:04:55,-05:00,2025-10-28T00:04:55-05:00,2,7
Project2/index.html,153,html,74fb9b15,debsterzzz,2025-10-28,00:04:55,-05:00,2025-10-28T00:04:55-05:00,0,0
Project2/index.html,154,html,74fb9b15,debsterzzz,2025-10-28,00:04:55,-05:00,2025-10-28T00:04:55-05:00,2,4
Project2/index.html,155,html,74fb9b15,debsterzzz,2025-10-28,00:04:55,-05:00,2025-10-28T00:04:55-05:00,3,142
Project2/index.html,156,html,74fb9b15,debsterzzz,2025-10-28,00:04:55,-05:00,2025-10-28T00:04:55-05:00,0,0
Project2/index.html,157,html,74fb9b15,debsterzzz,2025-10-28,00:04:55,-05:00,2025-10-28T00:04:55-05:00,3,7
Project2/index.html,158,html,74fb9b15,debsterzzz,2025-10-28,00:04:55,-05:00,2025-10-28T00:04:55-05:00,4,26
Project2/index.html,159,html,74fb9b15,debsterzzz,2025-10-28,00:04:55,-05:00,2025-10-28T00:04:55-05:00,0,0
Project2/index.html,160,html,74fb9b15,debsterzzz,2025-10-28,00:04:55,-05:00,2025-10-28T00:04:55-05:00,4,6
Project2/index.html,161,html,6a60a003,debsterzzz,2025-10-28,00:18:38,-05:00,2025-10-28T00:18:38-05:00,5,79
Project2/index.html,162,html,74fb9b15,debsterzzz,2025-10-28,00:04:55,-05:00,2025-10-28T00:04:55-05:00,5,212
Project2/index.html,163,html,74fb9b15,debsterzzz,2025-10-28,00:04:55,-05:00,2025-10-28T00:04:55-05:00,4,7
Project2/index.html,164,html,74fb9b15,debsterzzz,2025-10-28,00:04:55,-05:00,2025-10-28T00:04:55-05:00,0,0
Project2/index.html,165,html,74fb9b15,debsterzzz,2025-10-28,00:04:55,-05:00,2025-10-28T00:04:55-05:00,4,36
Project2/index.html,166,html,74fb9b15,debsterzzz,2025-10-28,00:04:55,-05:00,2025-10-28T00:04:55-05:00,0,0
Project2/index.html,167,html,74fb9b15,debsterzzz,2025-10-28,00:04:55,-05:00,2025-10-28T00:04:55-05:00,4,2
Project2/index.html,168,html,74fb9b15,debsterzzz,2025-10-28,00:04:55,-05:00,2025-10-28T00:04:55-05:00,5,102
Project2/index.html,169,html,74fb9b15,debsterzzz,2025-10-28,00:04:55,-05:00,2025-10-28T00:04:55-05:00,5,90
Project2/index.html,170,html,74fb9b15,debsterzzz,2025-10-28,00:04:55,-05:00,2025-10-28T00:04:55-05:00,5,91
Project2/index.html,171,html,74fb9b15,debsterzzz,2025-10-28,00:04:55,-05:00,2025-10-28T00:04:55-05:00,5,76
Project2/index.html,172,html,74fb9b15,debsterzzz,2025-10-28,00:04:55,-05:00,2025-10-28T00:04:55-05:00,5,101
Project2/index.html,173,html,74fb9b15,debsterzzz,2025-10-28,00:04:55,-05:00,2025-10-28T00:04:55-05:00,4,3
Project2/index.html,174,html,74fb9b15,debsterzzz,2025-10-28,00:04:55,-05:00,2025-10-28T00:04:55-05:00,3,8
Project2/index.html,175,html,74fb9b15,debsterzzz,2025-10-28,00:04:55,-05:00,2025-10-28T00:04:55-05:00,0,0
Project2/index.html,176,html,74fb9b15,debsterzzz,2025-10-28,00:04:55,-05:00,2025-10-28T00:04:55-05:00,3,7
Project2/index.html,177,html,74fb9b15,debsterzzz,2025-10-28,00:04:55,-05:00,2025-10-28T00:04:55-05:00,4,30
Project2/index.html,178,html,74fb9b15,debsterzzz,2025-10-28,00:04:55,-05:00,2025-10-28T00:04:55-05:00,0,0
Project2/index.html,179,html,74fb9b15,debsterzzz,2025-10-28,00:04:55,-05:00,2025-10-28T00:04:55-05:00,4,6
Project2/index.html,180,html,6a60a003,debsterzzz,2025-10-28,00:18:38,-05:00,2025-10-28T00:18:38-05:00,5,77
Project2/index.html,181,html,74fb9b15,debsterzzz,2025-10-28,00:04:55,-05:00,2025-10-28T00:04:55-05:00,5,262
Project2/index.html,182,html,74fb9b15,debsterzzz,2025-10-28,00:04:55,-05:00,2025-10-28T00:04:55-05:00,4,7
Project2/index.html,183,html,74fb9b15,debsterzzz,2025-10-28,00:04:55,-05:00,2025-10-28T00:04:55-05:00,0,0
Project2/index.html,184,html,74fb9b15,debsterzzz,2025-10-28,00:04:55,-05:00,2025-10-28T00:04:55-05:00,4,36
Project2/index.html,185,html,74fb9b15,debsterzzz,2025-10-28,00:04:55,-05:00,2025-10-28T00:04:55-05:00,0,0
Project2/index.html,186,html,74fb9b15,debsterzzz,2025-10-28,00:04:55,-05:00,2025-10-28T00:04:55-05:00,4,2
Project2/index.html,187,html,74fb9b15,debsterzzz,2025-10-28,00:04:55,-05:00,2025-10-28T00:04:55-05:00,5,100
Project2/index.html,188,html,464c0de6,debsterzzz,2025-10-28,01:07:21,-05:00,2025-10-28T01:07:21-05:00,5,112
Project2/index.html,189,html,464c0de6,debsterzzz,2025-10-28,01:07:21,-05:00,2025-10-28T01:07:21-05:00,5,65
Project2/index.html,190,html,464c0de6,debsterzzz,2025-10-28,01:07:21,-05:00,2025-10-28T01:07:21-05:00,5,131
Project2/index.html,191,html,74fb9b15,debsterzzz,2025-10-28,00:04:55,-05:00,2025-10-28T00:04:55-05:00,5,79
Project2/index.html,192,html,464c0de6,debsterzzz,2025-10-28,01:07:21,-05:00,2025-10-28T01:07:21-05:00,5,72
Project2/index.html,193,html,74fb9b15,debsterzzz,2025-10-28,00:04:55,-05:00,2025-10-28T00:04:55-05:00,4,3
Project2/index.html,194,html,74fb9b15,debsterzzz,2025-10-28,00:04:55,-05:00,2025-10-28T00:04:55-05:00,3,8
Project2/index.html,195,html,74fb9b15,debsterzzz,2025-10-28,00:04:55,-05:00,2025-10-28T00:04:55-05:00,0,0
Project2/index.html,196,html,74fb9b15,debsterzzz,2025-10-28,00:04:55,-05:00,2025-10-28T00:04:55-05:00,3,7
Project2/index.html,197,html,74fb9b15,debsterzzz,2025-10-28,00:04:55,-05:00,2025-10-28T00:04:55-05:00,4,23
Project2/index.html,198,html,74fb9b15,debsterzzz,2025-10-28,00:04:55,-05:00,2025-10-28T00:04:55-05:00,0,0
Project2/index.html,199,html,464c0de6,debsterzzz,2025-10-28,01:07:21,-05:00,2025-10-28T01:07:21-05:00,4,131
Project2/index.html,200,html,464c0de6,debsterzzz,2025-10-28,01:07:21,-05:00,2025-10-28T01:07:21-05:00,5,235
Project2/index.html,201,html,464c0de6,debsterzzz,2025-10-28,01:07:21,-05:00,2025-10-28T01:07:21-05:00,5,66
Project2/index.html,202,html,464c0de6,debsterzzz,2025-10-28,01:07:21,-05:00,2025-10-28T01:07:21-05:00,5,145
Project2/index.html,203,html,464c0de6,debsterzzz,2025-10-28,01:07:21,-05:00,2025-10-28T01:07:21-05:00,4,116
Project2/index.html,204,html,464c0de6,debsterzzz,2025-10-28,01:07:21,-05:00,2025-10-28T01:07:21-05:00,5,161
Project2/index.html,205,html,464c0de6,debsterzzz,2025-10-28,01:07:21,-05:00,2025-10-28T01:07:21-05:00,5,143
Project2/index.html,206,html,464c0de6,debsterzzz,2025-10-28,01:07:21,-05:00,2025-10-28T01:07:21-05:00,6,137
Project2/index.html,207,html,464c0de6,debsterzzz,2025-10-28,01:07:21,-05:00,2025-10-28T01:07:21-05:00,6,53
Project2/index.html,208,html,464c0de6,debsterzzz,2025-10-28,01:07:21,-05:00,2025-10-28T01:07:21-05:00,6,78
Project2/index.html,209,html,74fb9b15,debsterzzz,2025-10-28,00:04:55,-05:00,2025-10-28T00:04:55-05:00,3,8
Project2/index.html,210,html,74fb9b15,debsterzzz,2025-10-28,00:04:55,-05:00,2025-10-28T00:04:55-05:00,2,5
Project2/index.html,211,html,74fb9b15,debsterzzz,2025-10-28,00:04:55,-05:00,2025-10-28T00:04:55-05:00,1,5
Project2/index.html,212,html,74fb9b15,debsterzzz,2025-10-28,00:04:55,-05:00,2025-10-28T00:04:55-05:00,0,5
